"plot","coldate","daysout","taxa","count","abund.adjust","comments","location","block","treatment","year"
"H1M",2014-07-21,21,"aran",3,0.142857142857143,NA,"Heath",1,"Midges",2014
"H1C",2014-07-21,21,"aran",13,0.619047619047619,NA,"Heath",1,"Control",2014
"H1K",2014-07-21,21,"aran",1,0.0476190476190476,NA,"Heath",1,"KNO3",2014
"H2M",2014-07-21,21,"aran",4,0.19047619047619,NA,"Heath",2,"Midges",2014
"H2C",2014-07-21,21,"aran",4,0.19047619047619,NA,"Heath",2,"Control",2014
"H2K",2014-07-21,21,"aran",3,0.142857142857143,NA,"Heath",2,"KNO3",2014
"H3M",2014-07-21,21,"aran",2,0.0952380952380952,NA,"Heath",3,"Midges",2014
"H3C",2014-07-21,21,"aran",1,0.0476190476190476,NA,"Heath",3,"Control",2014
"H3K",2014-07-21,21,"aran",8,0.380952380952381,NA,"Heath",3,"KNO3",2014
"H4M",2014-07-21,21,"aran",1,0.0476190476190476,NA,"Heath",4,"Midges",2014
"H4C",2014-07-21,21,"aran",0,0,NA,"Heath",4,"Control",2014
"H4K",2014-07-21,21,"aran",5,0.238095238095238,NA,"Heath",4,"KNO3",2014
"B1M",2014-07-21,21,"aran",1,0.0476190476190476,NA,"Border",1,"Midges",2014
"B1C",2014-07-21,21,"aran",4,0.19047619047619,NA,"Border",1,"Control",2014
"B1K",2014-07-21,21,"aran",4,0.19047619047619,NA,"Border",1,"KNO3",2014
"B2M",2014-07-21,21,"aran",1,0.0476190476190476,NA,"Border",2,"Midges",2014
"B2C",2014-07-21,21,"aran",0,0,NA,"Border",2,"Control",2014
"B2K",2014-07-21,21,"aran",8,0.380952380952381,NA,"Border",2,"KNO3",2014
"B3M",2014-07-21,21,"aran",18,0.857142857142857,NA,"Border",3,"Midges",2014
"B3C",2014-07-21,21,"aran",5,0.238095238095238,NA,"Border",3,"Control",2014
"B3K",2014-07-21,21,"aran",13,0.619047619047619,NA,"Border",3,"KNO3",2014
"B4M",2014-07-21,21,"aran",5,0.238095238095238,NA,"Border",4,"Midges",2014
"B4C",2014-07-21,21,"aran",16,0.761904761904762,NA,"Border",4,"Control",2014
"B4K",2014-07-21,21,"aran",4,0.19047619047619,NA,"Border",4,"KNO3",2014
"L1",2014-07-21,21,"aran",13,0.619047619047619,NA,"Lupine",NA,"Lupine",2014
"L2",2014-07-21,21,"aran",5,0.238095238095238,NA,"Lupine",NA,"Lupine",2014
"L3",2014-07-21,21,"aran",5,0.238095238095238,NA,"Lupine",NA,"Lupine",2014
"L4",2014-07-21,21,"aran",6,0.285714285714286,NA,"Lupine",NA,"Lupine",2014
"L5",2014-07-21,21,"aran",8,0.380952380952381,NA,"Lupine",NA,"Lupine",2014
"L6",2014-07-21,21,"aran",13,0.619047619047619,NA,"Lupine",NA,"Lupine",2014
"L7",2014-07-21,21,"aran",3,0.142857142857143,NA,"Lupine",NA,"Lupine",2014
"L8",2014-07-21,21,"aran",5,0.238095238095238,NA,"Lupine",NA,"Lupine",2014
"H1M",2014-07-21,21,"lyco",24,1.14285714285714,NA,"Heath",1,"Midges",2014
"H1C",2014-07-21,21,"lyco",10,0.476190476190476,NA,"Heath",1,"Control",2014
"H1K",2014-07-21,21,"lyco",3,0.142857142857143,NA,"Heath",1,"KNO3",2014
"H2M",2014-07-21,21,"lyco",18,0.857142857142857,NA,"Heath",2,"Midges",2014
"H2C",2014-07-21,21,"lyco",8,0.380952380952381,NA,"Heath",2,"Control",2014
"H2K",2014-07-21,21,"lyco",4,0.19047619047619,NA,"Heath",2,"KNO3",2014
"H3M",2014-07-21,21,"lyco",11,0.523809523809524,NA,"Heath",3,"Midges",2014
"H3C",2014-07-21,21,"lyco",12,0.571428571428571,NA,"Heath",3,"Control",2014
"H3K",2014-07-21,21,"lyco",11,0.523809523809524,NA,"Heath",3,"KNO3",2014
"H4M",2014-07-21,21,"lyco",5,0.238095238095238,NA,"Heath",4,"Midges",2014
"H4C",2014-07-21,21,"lyco",37,1.76190476190476,NA,"Heath",4,"Control",2014
"H4K",2014-07-21,21,"lyco",5,0.238095238095238,NA,"Heath",4,"KNO3",2014
"B1M",2014-07-21,21,"lyco",28,1.33333333333333,NA,"Border",1,"Midges",2014
"B1C",2014-07-21,21,"lyco",9,0.428571428571429,NA,"Border",1,"Control",2014
"B1K",2014-07-21,21,"lyco",17,0.80952380952381,NA,"Border",1,"KNO3",2014
"B2M",2014-07-21,21,"lyco",10,0.476190476190476,NA,"Border",2,"Midges",2014
"B2C",2014-07-21,21,"lyco",13,0.619047619047619,NA,"Border",2,"Control",2014
"B2K",2014-07-21,21,"lyco",19,0.904761904761905,NA,"Border",2,"KNO3",2014
"B3M",2014-07-21,21,"lyco",40,1.9047619047619,NA,"Border",3,"Midges",2014
"B3C",2014-07-21,21,"lyco",11,0.523809523809524,NA,"Border",3,"Control",2014
"B3K",2014-07-21,21,"lyco",8,0.380952380952381,NA,"Border",3,"KNO3",2014
"B4M",2014-07-21,21,"lyco",6,0.285714285714286,NA,"Border",4,"Midges",2014
"B4C",2014-07-21,21,"lyco",2,0.0952380952380952,NA,"Border",4,"Control",2014
"B4K",2014-07-21,21,"lyco",19,0.904761904761905,NA,"Border",4,"KNO3",2014
"L1",2014-07-21,21,"lyco",6,0.285714285714286,NA,"Lupine",NA,"Lupine",2014
"L2",2014-07-21,21,"lyco",6,0.285714285714286,NA,"Lupine",NA,"Lupine",2014
"L3",2014-07-21,21,"lyco",1,0.0476190476190476,NA,"Lupine",NA,"Lupine",2014
"L4",2014-07-21,21,"lyco",1,0.0476190476190476,NA,"Lupine",NA,"Lupine",2014
"L5",2014-07-21,21,"lyco",3,0.142857142857143,NA,"Lupine",NA,"Lupine",2014
"L6",2014-07-21,21,"lyco",3,0.142857142857143,NA,"Lupine",NA,"Lupine",2014
"L7",2014-07-21,21,"lyco",4,0.19047619047619,NA,"Lupine",NA,"Lupine",2014
"L8",2014-07-21,21,"lyco",2,0.0952380952380952,NA,"Lupine",NA,"Lupine",2014
"H1M",2014-07-21,21,"gnap",2,0.0952380952380952,NA,"Heath",1,"Midges",2014
"H1C",2014-07-21,21,"gnap",4,0.19047619047619,NA,"Heath",1,"Control",2014
"H1K",2014-07-21,21,"gnap",0,0,NA,"Heath",1,"KNO3",2014
"H2M",2014-07-21,21,"gnap",2,0.0952380952380952,NA,"Heath",2,"Midges",2014
"H2C",2014-07-21,21,"gnap",3,0.142857142857143,NA,"Heath",2,"Control",2014
"H2K",2014-07-21,21,"gnap",2,0.0952380952380952,NA,"Heath",2,"KNO3",2014
"H3M",2014-07-21,21,"gnap",3,0.142857142857143,NA,"Heath",3,"Midges",2014
"H3C",2014-07-21,21,"gnap",4,0.19047619047619,NA,"Heath",3,"Control",2014
"H3K",2014-07-21,21,"gnap",3,0.142857142857143,NA,"Heath",3,"KNO3",2014
"H4M",2014-07-21,21,"gnap",7,0.333333333333333,NA,"Heath",4,"Midges",2014
"H4C",2014-07-21,21,"gnap",2,0.0952380952380952,NA,"Heath",4,"Control",2014
"H4K",2014-07-21,21,"gnap",3,0.142857142857143,NA,"Heath",4,"KNO3",2014
"B1M",2014-07-21,21,"gnap",3,0.142857142857143,NA,"Border",1,"Midges",2014
"B1C",2014-07-21,21,"gnap",2,0.0952380952380952,NA,"Border",1,"Control",2014
"B1K",2014-07-21,21,"gnap",2,0.0952380952380952,NA,"Border",1,"KNO3",2014
"B2M",2014-07-21,21,"gnap",0,0,NA,"Border",2,"Midges",2014
"B2C",2014-07-21,21,"gnap",3,0.142857142857143,NA,"Border",2,"Control",2014
"B2K",2014-07-21,21,"gnap",0,0,NA,"Border",2,"KNO3",2014
"B3M",2014-07-21,21,"gnap",0,0,NA,"Border",3,"Midges",2014
"B3C",2014-07-21,21,"gnap",5,0.238095238095238,NA,"Border",3,"Control",2014
"B3K",2014-07-21,21,"gnap",3,0.142857142857143,NA,"Border",3,"KNO3",2014
"B4M",2014-07-21,21,"gnap",2,0.0952380952380952,NA,"Border",4,"Midges",2014
"B4C",2014-07-21,21,"gnap",8,0.380952380952381,NA,"Border",4,"Control",2014
"B4K",2014-07-21,21,"gnap",7,0.333333333333333,NA,"Border",4,"KNO3",2014
"L1",2014-07-21,21,"gnap",2,0.0952380952380952,NA,"Lupine",NA,"Lupine",2014
"L2",2014-07-21,21,"gnap",2,0.0952380952380952,NA,"Lupine",NA,"Lupine",2014
"L3",2014-07-21,21,"gnap",0,0,NA,"Lupine",NA,"Lupine",2014
"L4",2014-07-21,21,"gnap",2,0.0952380952380952,NA,"Lupine",NA,"Lupine",2014
"L5",2014-07-21,21,"gnap",3,0.142857142857143,NA,"Lupine",NA,"Lupine",2014
"L6",2014-07-21,21,"gnap",2,0.0952380952380952,NA,"Lupine",NA,"Lupine",2014
"L7",2014-07-21,21,"gnap",2,0.0952380952380952,NA,"Lupine",NA,"Lupine",2014
"L8",2014-07-21,21,"gnap",1,0.0476190476190476,NA,"Lupine",NA,"Lupine",2014
"H1M",2014-07-21,21,"thom",1,0.0476190476190476,NA,"Heath",1,"Midges",2014
"H1C",2014-07-21,21,"thom",0,0,NA,"Heath",1,"Control",2014
"H1K",2014-07-21,21,"thom",0,0,NA,"Heath",1,"KNO3",2014
"H2M",2014-07-21,21,"thom",0,0,NA,"Heath",2,"Midges",2014
"H2C",2014-07-21,21,"thom",0,0,NA,"Heath",2,"Control",2014
"H2K",2014-07-21,21,"thom",0,0,NA,"Heath",2,"KNO3",2014
"H3M",2014-07-21,21,"thom",2,0.0952380952380952,NA,"Heath",3,"Midges",2014
"H3C",2014-07-21,21,"thom",1,0.0476190476190476,NA,"Heath",3,"Control",2014
"H3K",2014-07-21,21,"thom",0,0,NA,"Heath",3,"KNO3",2014
"H4M",2014-07-21,21,"thom",0,0,NA,"Heath",4,"Midges",2014
"H4C",2014-07-21,21,"thom",0,0,NA,"Heath",4,"Control",2014
"H4K",2014-07-21,21,"thom",0,0,NA,"Heath",4,"KNO3",2014
"B1M",2014-07-21,21,"thom",1,0.0476190476190476,NA,"Border",1,"Midges",2014
"B1C",2014-07-21,21,"thom",1,0.0476190476190476,NA,"Border",1,"Control",2014
"B1K",2014-07-21,21,"thom",1,0.0476190476190476,NA,"Border",1,"KNO3",2014
"B2M",2014-07-21,21,"thom",1,0.0476190476190476,NA,"Border",2,"Midges",2014
"B2C",2014-07-21,21,"thom",0,0,NA,"Border",2,"Control",2014
"B2K",2014-07-21,21,"thom",1,0.0476190476190476,NA,"Border",2,"KNO3",2014
"B3M",2014-07-21,21,"thom",0,0,NA,"Border",3,"Midges",2014
"B3C",2014-07-21,21,"thom",0,0,NA,"Border",3,"Control",2014
"B3K",2014-07-21,21,"thom",0,0,NA,"Border",3,"KNO3",2014
"B4M",2014-07-21,21,"thom",1,0.0476190476190476,NA,"Border",4,"Midges",2014
"B4C",2014-07-21,21,"thom",0,0,NA,"Border",4,"Control",2014
"B4K",2014-07-21,21,"thom",0,0,NA,"Border",4,"KNO3",2014
"L1",2014-07-21,21,"thom",0,0,NA,"Lupine",NA,"Lupine",2014
"L2",2014-07-21,21,"thom",0,0,NA,"Lupine",NA,"Lupine",2014
"L3",2014-07-21,21,"thom",0,0,NA,"Lupine",NA,"Lupine",2014
"L4",2014-07-21,21,"thom",0,0,NA,"Lupine",NA,"Lupine",2014
"L5",2014-07-21,21,"thom",1,0.0476190476190476,NA,"Lupine",NA,"Lupine",2014
"L6",2014-07-21,21,"thom",0,0,NA,"Lupine",NA,"Lupine",2014
"L7",2014-07-21,21,"thom",1,0.0476190476190476,NA,"Lupine",NA,"Lupine",2014
"L8",2014-07-21,21,"thom",0,0,NA,"Lupine",NA,"Lupine",2014
"H1M",2014-07-21,21,"opil",4,0.19047619047619,NA,"Heath",1,"Midges",2014
"H1C",2014-07-21,21,"opil",10,0.476190476190476,NA,"Heath",1,"Control",2014
"H1K",2014-07-21,21,"opil",11,0.523809523809524,NA,"Heath",1,"KNO3",2014
"H2M",2014-07-21,21,"opil",6,0.285714285714286,NA,"Heath",2,"Midges",2014
"H2C",2014-07-21,21,"opil",24,1.14285714285714,NA,"Heath",2,"Control",2014
"H2K",2014-07-21,21,"opil",8,0.380952380952381,NA,"Heath",2,"KNO3",2014
"H3M",2014-07-21,21,"opil",7,0.333333333333333,NA,"Heath",3,"Midges",2014
"H3C",2014-07-21,21,"opil",13,0.619047619047619,NA,"Heath",3,"Control",2014
"H3K",2014-07-21,21,"opil",12,0.571428571428571,NA,"Heath",3,"KNO3",2014
"H4M",2014-07-21,21,"opil",8,0.380952380952381,NA,"Heath",4,"Midges",2014
"H4C",2014-07-21,21,"opil",4,0.19047619047619,NA,"Heath",4,"Control",2014
"H4K",2014-07-21,21,"opil",14,0.666666666666667,NA,"Heath",4,"KNO3",2014
"B1M",2014-07-21,21,"opil",9,0.428571428571429,NA,"Border",1,"Midges",2014
"B1C",2014-07-21,21,"opil",25,1.19047619047619,NA,"Border",1,"Control",2014
"B1K",2014-07-21,21,"opil",25,1.19047619047619,NA,"Border",1,"KNO3",2014
"B2M",2014-07-21,21,"opil",33,1.57142857142857,NA,"Border",2,"Midges",2014
"B2C",2014-07-21,21,"opil",37,1.76190476190476,NA,"Border",2,"Control",2014
"B2K",2014-07-21,21,"opil",26,1.23809523809524,NA,"Border",2,"KNO3",2014
"B3M",2014-07-21,21,"opil",4,0.19047619047619,NA,"Border",3,"Midges",2014
"B3C",2014-07-21,21,"opil",30,1.42857142857143,NA,"Border",3,"Control",2014
"B3K",2014-07-21,21,"opil",16,0.761904761904762,NA,"Border",3,"KNO3",2014
"B4M",2014-07-21,21,"opil",17,0.80952380952381,NA,"Border",4,"Midges",2014
"B4C",2014-07-21,21,"opil",24,1.14285714285714,NA,"Border",4,"Control",2014
"B4K",2014-07-21,21,"opil",25,1.19047619047619,NA,"Border",4,"KNO3",2014
"L1",2014-07-21,21,"opil",33,1.57142857142857,NA,"Lupine",NA,"Lupine",2014
"L2",2014-07-21,21,"opil",45,2.14285714285714,NA,"Lupine",NA,"Lupine",2014
"L3",2014-07-21,21,"opil",47,2.23809523809524,NA,"Lupine",NA,"Lupine",2014
"L4",2014-07-21,21,"opil",64,3.04761904761905,NA,"Lupine",NA,"Lupine",2014
"L5",2014-07-21,21,"opil",17,0.80952380952381,NA,"Lupine",NA,"Lupine",2014
"L6",2014-07-21,21,"opil",22,1.04761904761905,NA,"Lupine",NA,"Lupine",2014
"L7",2014-07-21,21,"opil",20,0.952380952380952,NA,"Lupine",NA,"Lupine",2014
"L8",2014-07-21,21,"opil",15,0.714285714285714,NA,"Lupine",NA,"Lupine",2014
"H1M",2014-07-21,21,"acar",48,2.28571428571429,NA,"Heath",1,"Midges",2014
"H1C",2014-07-21,21,"acar",18,0.857142857142857,NA,"Heath",1,"Control",2014
"H1K",2014-07-21,21,"acar",14,0.666666666666667,NA,"Heath",1,"KNO3",2014
"H2M",2014-07-21,21,"acar",22,1.04761904761905,NA,"Heath",2,"Midges",2014
"H2C",2014-07-21,21,"acar",4,0.19047619047619,NA,"Heath",2,"Control",2014
"H2K",2014-07-21,21,"acar",20,0.952380952380952,NA,"Heath",2,"KNO3",2014
"H3M",2014-07-21,21,"acar",26,1.23809523809524,NA,"Heath",3,"Midges",2014
"H3C",2014-07-21,21,"acar",27,1.28571428571429,NA,"Heath",3,"Control",2014
"H3K",2014-07-21,21,"acar",54,2.57142857142857,NA,"Heath",3,"KNO3",2014
"H4M",2014-07-21,21,"acar",2,0.0952380952380952,NA,"Heath",4,"Midges",2014
"H4C",2014-07-21,21,"acar",15,0.714285714285714,NA,"Heath",4,"Control",2014
"H4K",2014-07-21,21,"acar",63,3,NA,"Heath",4,"KNO3",2014
"B1M",2014-07-21,21,"acar",11,0.523809523809524,NA,"Border",1,"Midges",2014
"B1C",2014-07-21,21,"acar",55,2.61904761904762,NA,"Border",1,"Control",2014
"B1K",2014-07-21,21,"acar",19,0.904761904761905,NA,"Border",1,"KNO3",2014
"B2M",2014-07-21,21,"acar",25,1.19047619047619,NA,"Border",2,"Midges",2014
"B2C",2014-07-21,21,"acar",48,2.28571428571429,NA,"Border",2,"Control",2014
"B2K",2014-07-21,21,"acar",27,1.28571428571429,NA,"Border",2,"KNO3",2014
"B3M",2014-07-21,21,"acar",53,2.52380952380952,NA,"Border",3,"Midges",2014
"B3C",2014-07-21,21,"acar",58,2.76190476190476,NA,"Border",3,"Control",2014
"B3K",2014-07-21,21,"acar",42,2,NA,"Border",3,"KNO3",2014
"B4M",2014-07-21,21,"acar",80,3.80952380952381,NA,"Border",4,"Midges",2014
"B4C",2014-07-21,21,"acar",15,0.714285714285714,NA,"Border",4,"Control",2014
"B4K",2014-07-21,21,"acar",46,2.19047619047619,NA,"Border",4,"KNO3",2014
"L1",2014-07-21,21,"acar",9,0.428571428571429,NA,"Lupine",NA,"Lupine",2014
"L2",2014-07-21,21,"acar",8,0.380952380952381,NA,"Lupine",NA,"Lupine",2014
"L3",2014-07-21,21,"acar",30,1.42857142857143,NA,"Lupine",NA,"Lupine",2014
"L4",2014-07-21,21,"acar",103,4.90476190476191,NA,"Lupine",NA,"Lupine",2014
"L5",2014-07-21,21,"acar",12,0.571428571428571,NA,"Lupine",NA,"Lupine",2014
"L6",2014-07-21,21,"acar",0,0,NA,"Lupine",NA,"Lupine",2014
"L7",2014-07-21,21,"acar",41,1.95238095238095,NA,"Lupine",NA,"Lupine",2014
"L8",2014-07-21,21,"acar",56,2.66666666666667,NA,"Lupine",NA,"Lupine",2014
"H1M",2014-07-21,21,"trom",11,0.523809523809524,NA,"Heath",1,"Midges",2014
"H1C",2014-07-21,21,"trom",27,1.28571428571429,NA,"Heath",1,"Control",2014
"H1K",2014-07-21,21,"trom",5,0.238095238095238,NA,"Heath",1,"KNO3",2014
"H2M",2014-07-21,21,"trom",16,0.761904761904762,NA,"Heath",2,"Midges",2014
"H2C",2014-07-21,21,"trom",15,0.714285714285714,NA,"Heath",2,"Control",2014
"H2K",2014-07-21,21,"trom",31,1.47619047619048,NA,"Heath",2,"KNO3",2014
"H3M",2014-07-21,21,"trom",30,1.42857142857143,NA,"Heath",3,"Midges",2014
"H3C",2014-07-21,21,"trom",18,0.857142857142857,NA,"Heath",3,"Control",2014
"H3K",2014-07-21,21,"trom",48,2.28571428571429,NA,"Heath",3,"KNO3",2014
"H4M",2014-07-21,21,"trom",11,0.523809523809524,NA,"Heath",4,"Midges",2014
"H4C",2014-07-21,21,"trom",15,0.714285714285714,NA,"Heath",4,"Control",2014
"H4K",2014-07-21,21,"trom",16,0.761904761904762,NA,"Heath",4,"KNO3",2014
"B1M",2014-07-21,21,"trom",9,0.428571428571429,NA,"Border",1,"Midges",2014
"B1C",2014-07-21,21,"trom",28,1.33333333333333,NA,"Border",1,"Control",2014
"B1K",2014-07-21,21,"trom",12,0.571428571428571,NA,"Border",1,"KNO3",2014
"B2M",2014-07-21,21,"trom",30,1.42857142857143,NA,"Border",2,"Midges",2014
"B2C",2014-07-21,21,"trom",20,0.952380952380952,NA,"Border",2,"Control",2014
"B2K",2014-07-21,21,"trom",30,1.42857142857143,NA,"Border",2,"KNO3",2014
"B3M",2014-07-21,21,"trom",41,1.95238095238095,NA,"Border",3,"Midges",2014
"B3C",2014-07-21,21,"trom",39,1.85714285714286,NA,"Border",3,"Control",2014
"B3K",2014-07-21,21,"trom",12,0.571428571428571,NA,"Border",3,"KNO3",2014
"B4M",2014-07-21,21,"trom",30,1.42857142857143,NA,"Border",4,"Midges",2014
"B4C",2014-07-21,21,"trom",21,1,NA,"Border",4,"Control",2014
"B4K",2014-07-21,21,"trom",19,0.904761904761905,NA,"Border",4,"KNO3",2014
"L1",2014-07-21,21,"trom",13,0.619047619047619,NA,"Lupine",NA,"Lupine",2014
"L2",2014-07-21,21,"trom",12,0.571428571428571,NA,"Lupine",NA,"Lupine",2014
"L3",2014-07-21,21,"trom",27,1.28571428571429,NA,"Lupine",NA,"Lupine",2014
"L4",2014-07-21,21,"trom",2,0.0952380952380952,NA,"Lupine",NA,"Lupine",2014
"L5",2014-07-21,21,"trom",10,0.476190476190476,NA,"Lupine",NA,"Lupine",2014
"L6",2014-07-21,21,"trom",0,0,NA,"Lupine",NA,"Lupine",2014
"L7",2014-07-21,21,"trom",9,0.428571428571429,NA,"Lupine",NA,"Lupine",2014
"L8",2014-07-21,21,"trom",14,0.666666666666667,NA,"Lupine",NA,"Lupine",2014
"H1M",2014-07-21,21,"cole",0,0,NA,"Heath",1,"Midges",2014
"H1C",2014-07-21,21,"cole",0,0,NA,"Heath",1,"Control",2014
"H1K",2014-07-21,21,"cole",1,0.0476190476190476,NA,"Heath",1,"KNO3",2014
"H2M",2014-07-21,21,"cole",0,0,NA,"Heath",2,"Midges",2014
"H2C",2014-07-21,21,"cole",0,0,NA,"Heath",2,"Control",2014
"H2K",2014-07-21,21,"cole",0,0,NA,"Heath",2,"KNO3",2014
"H3M",2014-07-21,21,"cole",0,0,NA,"Heath",3,"Midges",2014
"H3C",2014-07-21,21,"cole",0,0,NA,"Heath",3,"Control",2014
"H3K",2014-07-21,21,"cole",0,0,NA,"Heath",3,"KNO3",2014
"H4M",2014-07-21,21,"cole",0,0,NA,"Heath",4,"Midges",2014
"H4C",2014-07-21,21,"cole",0,0,NA,"Heath",4,"Control",2014
"H4K",2014-07-21,21,"cole",0,0,NA,"Heath",4,"KNO3",2014
"B1M",2014-07-21,21,"cole",0,0,NA,"Border",1,"Midges",2014
"B1C",2014-07-21,21,"cole",0,0,NA,"Border",1,"Control",2014
"B1K",2014-07-21,21,"cole",0,0,NA,"Border",1,"KNO3",2014
"B2M",2014-07-21,21,"cole",0,0,NA,"Border",2,"Midges",2014
"B2C",2014-07-21,21,"cole",0,0,NA,"Border",2,"Control",2014
"B2K",2014-07-21,21,"cole",0,0,NA,"Border",2,"KNO3",2014
"B3M",2014-07-21,21,"cole",0,0,NA,"Border",3,"Midges",2014
"B3C",2014-07-21,21,"cole",0,0,NA,"Border",3,"Control",2014
"B3K",2014-07-21,21,"cole",0,0,NA,"Border",3,"KNO3",2014
"B4M",2014-07-21,21,"cole",0,0,NA,"Border",4,"Midges",2014
"B4C",2014-07-21,21,"cole",0,0,NA,"Border",4,"Control",2014
"B4K",2014-07-21,21,"cole",0,0,NA,"Border",4,"KNO3",2014
"L1",2014-07-21,21,"cole",0,0,NA,"Lupine",NA,"Lupine",2014
"L2",2014-07-21,21,"cole",0,0,NA,"Lupine",NA,"Lupine",2014
"L3",2014-07-21,21,"cole",0,0,NA,"Lupine",NA,"Lupine",2014
"L4",2014-07-21,21,"cole",0,0,NA,"Lupine",NA,"Lupine",2014
"L5",2014-07-21,21,"cole",0,0,NA,"Lupine",NA,"Lupine",2014
"L6",2014-07-21,21,"cole",0,0,NA,"Lupine",NA,"Lupine",2014
"L7",2014-07-21,21,"cole",0,0,NA,"Lupine",NA,"Lupine",2014
"L8",2014-07-21,21,"cole",0,0,NA,"Lupine",NA,"Lupine",2014
"H1M",2014-07-21,21,"cryp",0,0,NA,"Heath",1,"Midges",2014
"H1C",2014-07-21,21,"cryp",0,0,NA,"Heath",1,"Control",2014
"H1K",2014-07-21,21,"cryp",0,0,NA,"Heath",1,"KNO3",2014
"H2M",2014-07-21,21,"cryp",0,0,NA,"Heath",2,"Midges",2014
"H2C",2014-07-21,21,"cryp",0,0,NA,"Heath",2,"Control",2014
"H2K",2014-07-21,21,"cryp",0,0,NA,"Heath",2,"KNO3",2014
"H3M",2014-07-21,21,"cryp",0,0,NA,"Heath",3,"Midges",2014
"H3C",2014-07-21,21,"cryp",0,0,NA,"Heath",3,"Control",2014
"H3K",2014-07-21,21,"cryp",0,0,NA,"Heath",3,"KNO3",2014
"H4M",2014-07-21,21,"cryp",0,0,NA,"Heath",4,"Midges",2014
"H4C",2014-07-21,21,"cryp",0,0,NA,"Heath",4,"Control",2014
"H4K",2014-07-21,21,"cryp",0,0,NA,"Heath",4,"KNO3",2014
"B1M",2014-07-21,21,"cryp",0,0,NA,"Border",1,"Midges",2014
"B1C",2014-07-21,21,"cryp",0,0,NA,"Border",1,"Control",2014
"B1K",2014-07-21,21,"cryp",0,0,NA,"Border",1,"KNO3",2014
"B2M",2014-07-21,21,"cryp",0,0,NA,"Border",2,"Midges",2014
"B2C",2014-07-21,21,"cryp",0,0,NA,"Border",2,"Control",2014
"B2K",2014-07-21,21,"cryp",0,0,NA,"Border",2,"KNO3",2014
"B3M",2014-07-21,21,"cryp",0,0,NA,"Border",3,"Midges",2014
"B3C",2014-07-21,21,"cryp",0,0,NA,"Border",3,"Control",2014
"B3K",2014-07-21,21,"cryp",0,0,NA,"Border",3,"KNO3",2014
"B4M",2014-07-21,21,"cryp",0,0,NA,"Border",4,"Midges",2014
"B4C",2014-07-21,21,"cryp",0,0,NA,"Border",4,"Control",2014
"B4K",2014-07-21,21,"cryp",0,0,NA,"Border",4,"KNO3",2014
"L1",2014-07-21,21,"cryp",0,0,NA,"Lupine",NA,"Lupine",2014
"L2",2014-07-21,21,"cryp",0,0,NA,"Lupine",NA,"Lupine",2014
"L3",2014-07-21,21,"cryp",0,0,NA,"Lupine",NA,"Lupine",2014
"L4",2014-07-21,21,"cryp",0,0,NA,"Lupine",NA,"Lupine",2014
"L5",2014-07-21,21,"cryp",0,0,NA,"Lupine",NA,"Lupine",2014
"L6",2014-07-21,21,"cryp",0,0,NA,"Lupine",NA,"Lupine",2014
"L7",2014-07-21,21,"cryp",0,0,NA,"Lupine",NA,"Lupine",2014
"L8",2014-07-21,21,"cryp",0,0,NA,"Lupine",NA,"Lupine",2014
"H1M",2014-07-21,21,"stap",7,0.333333333333333,NA,"Heath",1,"Midges",2014
"H1C",2014-07-21,21,"stap",0,0,NA,"Heath",1,"Control",2014
"H1K",2014-07-21,21,"stap",0,0,NA,"Heath",1,"KNO3",2014
"H2M",2014-07-21,21,"stap",4,0.19047619047619,NA,"Heath",2,"Midges",2014
"H2C",2014-07-21,21,"stap",0,0,NA,"Heath",2,"Control",2014
"H2K",2014-07-21,21,"stap",0,0,NA,"Heath",2,"KNO3",2014
"H3M",2014-07-21,21,"stap",15,0.714285714285714,NA,"Heath",3,"Midges",2014
"H3C",2014-07-21,21,"stap",0,0,NA,"Heath",3,"Control",2014
"H3K",2014-07-21,21,"stap",1,0.0476190476190476,NA,"Heath",3,"KNO3",2014
"H4M",2014-07-21,21,"stap",4,0.19047619047619,NA,"Heath",4,"Midges",2014
"H4C",2014-07-21,21,"stap",0,0,NA,"Heath",4,"Control",2014
"H4K",2014-07-21,21,"stap",0,0,NA,"Heath",4,"KNO3",2014
"B1M",2014-07-21,21,"stap",9,0.428571428571429,NA,"Border",1,"Midges",2014
"B1C",2014-07-21,21,"stap",17,0.80952380952381,NA,"Border",1,"Control",2014
"B1K",2014-07-21,21,"stap",3,0.142857142857143,NA,"Border",1,"KNO3",2014
"B2M",2014-07-21,21,"stap",12,0.571428571428571,NA,"Border",2,"Midges",2014
"B2C",2014-07-21,21,"stap",8,0.380952380952381,NA,"Border",2,"Control",2014
"B2K",2014-07-21,21,"stap",3,0.142857142857143,NA,"Border",2,"KNO3",2014
"B3M",2014-07-21,21,"stap",31,1.47619047619048,NA,"Border",3,"Midges",2014
"B3C",2014-07-21,21,"stap",0,0,NA,"Border",3,"Control",2014
"B3K",2014-07-21,21,"stap",3,0.142857142857143,NA,"Border",3,"KNO3",2014
"B4M",2014-07-21,21,"stap",38,1.80952380952381,NA,"Border",4,"Midges",2014
"B4C",2014-07-21,21,"stap",1,0.0476190476190476,NA,"Border",4,"Control",2014
"B4K",2014-07-21,21,"stap",17,0.80952380952381,NA,"Border",4,"KNO3",2014
"L1",2014-07-21,21,"stap",16,0.761904761904762,NA,"Lupine",NA,"Lupine",2014
"L2",2014-07-21,21,"stap",9,0.428571428571429,NA,"Lupine",NA,"Lupine",2014
"L3",2014-07-21,21,"stap",15,0.714285714285714,NA,"Lupine",NA,"Lupine",2014
"L4",2014-07-21,21,"stap",27,1.28571428571429,NA,"Lupine",NA,"Lupine",2014
"L5",2014-07-21,21,"stap",10,0.476190476190476,NA,"Lupine",NA,"Lupine",2014
"L6",2014-07-21,21,"stap",6,0.285714285714286,NA,"Lupine",NA,"Lupine",2014
"L7",2014-07-21,21,"stap",23,1.0952380952381,NA,"Lupine",NA,"Lupine",2014
"L8",2014-07-21,21,"stap",36,1.71428571428571,NA,"Lupine",NA,"Lupine",2014
"H1M",2014-07-21,21,"cara",10,0.476190476190476,NA,"Heath",1,"Midges",2014
"H1C",2014-07-21,21,"cara",1,0.0476190476190476,NA,"Heath",1,"Control",2014
"H1K",2014-07-21,21,"cara",6,0.285714285714286,NA,"Heath",1,"KNO3",2014
"H2M",2014-07-21,21,"cara",1,0.0476190476190476,NA,"Heath",2,"Midges",2014
"H2C",2014-07-21,21,"cara",0,0,NA,"Heath",2,"Control",2014
"H2K",2014-07-21,21,"cara",1,0.0476190476190476,NA,"Heath",2,"KNO3",2014
"H3M",2014-07-21,21,"cara",3,0.142857142857143,NA,"Heath",3,"Midges",2014
"H3C",2014-07-21,21,"cara",1,0.0476190476190476,NA,"Heath",3,"Control",2014
"H3K",2014-07-21,21,"cara",0,0,NA,"Heath",3,"KNO3",2014
"H4M",2014-07-21,21,"cara",2,0.0952380952380952,NA,"Heath",4,"Midges",2014
"H4C",2014-07-21,21,"cara",0,0,NA,"Heath",4,"Control",2014
"H4K",2014-07-21,21,"cara",1,0.0476190476190476,NA,"Heath",4,"KNO3",2014
"B1M",2014-07-21,21,"cara",7,0.333333333333333,NA,"Border",1,"Midges",2014
"B1C",2014-07-21,21,"cara",11,0.523809523809524,NA,"Border",1,"Control",2014
"B1K",2014-07-21,21,"cara",0,0,NA,"Border",1,"KNO3",2014
"B2M",2014-07-21,21,"cara",4,0.19047619047619,NA,"Border",2,"Midges",2014
"B2C",2014-07-21,21,"cara",6,0.285714285714286,NA,"Border",2,"Control",2014
"B2K",2014-07-21,21,"cara",3,0.142857142857143,NA,"Border",2,"KNO3",2014
"B3M",2014-07-21,21,"cara",34,1.61904761904762,NA,"Border",3,"Midges",2014
"B3C",2014-07-21,21,"cara",3,0.142857142857143,NA,"Border",3,"Control",2014
"B3K",2014-07-21,21,"cara",5,0.238095238095238,NA,"Border",3,"KNO3",2014
"B4M",2014-07-21,21,"cara",3,0.142857142857143,NA,"Border",4,"Midges",2014
"B4C",2014-07-21,21,"cara",0,0,NA,"Border",4,"Control",2014
"B4K",2014-07-21,21,"cara",3,0.142857142857143,NA,"Border",4,"KNO3",2014
"L1",2014-07-21,21,"cara",20,0.952380952380952,NA,"Lupine",NA,"Lupine",2014
"L2",2014-07-21,21,"cara",11,0.523809523809524,NA,"Lupine",NA,"Lupine",2014
"L3",2014-07-21,21,"cara",31,1.47619047619048,NA,"Lupine",NA,"Lupine",2014
"L4",2014-07-21,21,"cara",14,0.666666666666667,NA,"Lupine",NA,"Lupine",2014
"L5",2014-07-21,21,"cara",16,0.761904761904762,NA,"Lupine",NA,"Lupine",2014
"L6",2014-07-21,21,"cara",47,2.23809523809524,NA,"Lupine",NA,"Lupine",2014
"L7",2014-07-21,21,"cara",7,0.333333333333333,NA,"Lupine",NA,"Lupine",2014
"L8",2014-07-21,21,"cara",2,0.0952380952380952,NA,"Lupine",NA,"Lupine",2014
"H1M",2014-07-21,21,"curc",0,0,NA,"Heath",1,"Midges",2014
"H1C",2014-07-21,21,"curc",0,0,NA,"Heath",1,"Control",2014
"H1K",2014-07-21,21,"curc",0,0,NA,"Heath",1,"KNO3",2014
"H2M",2014-07-21,21,"curc",0,0,NA,"Heath",2,"Midges",2014
"H2C",2014-07-21,21,"curc",0,0,NA,"Heath",2,"Control",2014
"H2K",2014-07-21,21,"curc",0,0,NA,"Heath",2,"KNO3",2014
"H3M",2014-07-21,21,"curc",0,0,NA,"Heath",3,"Midges",2014
"H3C",2014-07-21,21,"curc",0,0,NA,"Heath",3,"Control",2014
"H3K",2014-07-21,21,"curc",0,0,NA,"Heath",3,"KNO3",2014
"H4M",2014-07-21,21,"curc",0,0,NA,"Heath",4,"Midges",2014
"H4C",2014-07-21,21,"curc",0,0,NA,"Heath",4,"Control",2014
"H4K",2014-07-21,21,"curc",0,0,NA,"Heath",4,"KNO3",2014
"B1M",2014-07-21,21,"curc",0,0,NA,"Border",1,"Midges",2014
"B1C",2014-07-21,21,"curc",0,0,NA,"Border",1,"Control",2014
"B1K",2014-07-21,21,"curc",0,0,NA,"Border",1,"KNO3",2014
"B2M",2014-07-21,21,"curc",0,0,NA,"Border",2,"Midges",2014
"B2C",2014-07-21,21,"curc",0,0,NA,"Border",2,"Control",2014
"B2K",2014-07-21,21,"curc",0,0,NA,"Border",2,"KNO3",2014
"B3M",2014-07-21,21,"curc",0,0,NA,"Border",3,"Midges",2014
"B3C",2014-07-21,21,"curc",1,0.0476190476190476,NA,"Border",3,"Control",2014
"B3K",2014-07-21,21,"curc",0,0,NA,"Border",3,"KNO3",2014
"B4M",2014-07-21,21,"curc",0,0,NA,"Border",4,"Midges",2014
"B4C",2014-07-21,21,"curc",0,0,NA,"Border",4,"Control",2014
"B4K",2014-07-21,21,"curc",0,0,NA,"Border",4,"KNO3",2014
"L1",2014-07-21,21,"curc",0,0,NA,"Lupine",NA,"Lupine",2014
"L2",2014-07-21,21,"curc",0,0,NA,"Lupine",NA,"Lupine",2014
"L3",2014-07-21,21,"curc",0,0,NA,"Lupine",NA,"Lupine",2014
"L4",2014-07-21,21,"curc",0,0,NA,"Lupine",NA,"Lupine",2014
"L5",2014-07-21,21,"curc",1,0.0476190476190476,NA,"Lupine",NA,"Lupine",2014
"L6",2014-07-21,21,"curc",0,0,NA,"Lupine",NA,"Lupine",2014
"L7",2014-07-21,21,"curc",0,0,NA,"Lupine",NA,"Lupine",2014
"L8",2014-07-21,21,"curc",0,0,NA,"Lupine",NA,"Lupine",2014
"H1M",2014-07-21,21,"colj",2,0.0952380952380952,NA,"Heath",1,"Midges",2014
"H1C",2014-07-21,21,"colj",0,0,NA,"Heath",1,"Control",2014
"H1K",2014-07-21,21,"colj",0,0,NA,"Heath",1,"KNO3",2014
"H2M",2014-07-21,21,"colj",1,0.0476190476190476,NA,"Heath",2,"Midges",2014
"H2C",2014-07-21,21,"colj",0,0,NA,"Heath",2,"Control",2014
"H2K",2014-07-21,21,"colj",0,0,NA,"Heath",2,"KNO3",2014
"H3M",2014-07-21,21,"colj",0,0,NA,"Heath",3,"Midges",2014
"H3C",2014-07-21,21,"colj",1,0.0476190476190476,NA,"Heath",3,"Control",2014
"H3K",2014-07-21,21,"colj",0,0,NA,"Heath",3,"KNO3",2014
"H4M",2014-07-21,21,"colj",0,0,NA,"Heath",4,"Midges",2014
"H4C",2014-07-21,21,"colj",0,0,NA,"Heath",4,"Control",2014
"H4K",2014-07-21,21,"colj",0,0,NA,"Heath",4,"KNO3",2014
"B1M",2014-07-21,21,"colj",0,0,NA,"Border",1,"Midges",2014
"B1C",2014-07-21,21,"colj",0,0,NA,"Border",1,"Control",2014
"B1K",2014-07-21,21,"colj",0,0,NA,"Border",1,"KNO3",2014
"B2M",2014-07-21,21,"colj",0,0,NA,"Border",2,"Midges",2014
"B2C",2014-07-21,21,"colj",0,0,NA,"Border",2,"Control",2014
"B2K",2014-07-21,21,"colj",0,0,NA,"Border",2,"KNO3",2014
"B3M",2014-07-21,21,"colj",0,0,NA,"Border",3,"Midges",2014
"B3C",2014-07-21,21,"colj",0,0,NA,"Border",3,"Control",2014
"B3K",2014-07-21,21,"colj",0,0,NA,"Border",3,"KNO3",2014
"B4M",2014-07-21,21,"colj",0,0,NA,"Border",4,"Midges",2014
"B4C",2014-07-21,21,"colj",0,0,NA,"Border",4,"Control",2014
"B4K",2014-07-21,21,"colj",0,0,NA,"Border",4,"KNO3",2014
"L1",2014-07-21,21,"colj",0,0,NA,"Lupine",NA,"Lupine",2014
"L2",2014-07-21,21,"colj",0,0,NA,"Lupine",NA,"Lupine",2014
"L3",2014-07-21,21,"colj",4,0.19047619047619,NA,"Lupine",NA,"Lupine",2014
"L4",2014-07-21,21,"colj",7,0.333333333333333,NA,"Lupine",NA,"Lupine",2014
"L5",2014-07-21,21,"colj",0,0,NA,"Lupine",NA,"Lupine",2014
"L6",2014-07-21,21,"colj",0,0,NA,"Lupine",NA,"Lupine",2014
"L7",2014-07-21,21,"colj",0,0,NA,"Lupine",NA,"Lupine",2014
"L8",2014-07-21,21,"colj",9,0.428571428571429,NA,"Lupine",NA,"Lupine",2014
"H1M",2014-07-21,21,"clmb",447,21.2857142857143,NA,"Heath",1,"Midges",2014
"H1C",2014-07-21,21,"clmb",67,3.19047619047619,NA,"Heath",1,"Control",2014
"H1K",2014-07-21,21,"clmb",75,3.57142857142857,NA,"Heath",1,"KNO3",2014
"H2M",2014-07-21,21,"clmb",59,2.80952380952381,NA,"Heath",2,"Midges",2014
"H2C",2014-07-21,21,"clmb",14,0.666666666666667,NA,"Heath",2,"Control",2014
"H2K",2014-07-21,21,"clmb",42,2,NA,"Heath",2,"KNO3",2014
"H3M",2014-07-21,21,"clmb",103,4.90476190476191,NA,"Heath",3,"Midges",2014
"H3C",2014-07-21,21,"clmb",98,4.66666666666667,NA,"Heath",3,"Control",2014
"H3K",2014-07-21,21,"clmb",69,3.28571428571429,NA,"Heath",3,"KNO3",2014
"H4M",2014-07-21,21,"clmb",38,1.80952380952381,NA,"Heath",4,"Midges",2014
"H4C",2014-07-21,21,"clmb",22,1.04761904761905,NA,"Heath",4,"Control",2014
"H4K",2014-07-21,21,"clmb",246,11.7142857142857,NA,"Heath",4,"KNO3",2014
"B1M",2014-07-21,21,"clmb",44,2.0952380952381,NA,"Border",1,"Midges",2014
"B1C",2014-07-21,21,"clmb",36,1.71428571428571,NA,"Border",1,"Control",2014
"B1K",2014-07-21,21,"clmb",20,0.952380952380952,NA,"Border",1,"KNO3",2014
"B2M",2014-07-21,21,"clmb",22,1.04761904761905,NA,"Border",2,"Midges",2014
"B2C",2014-07-21,21,"clmb",49,2.33333333333333,NA,"Border",2,"Control",2014
"B2K",2014-07-21,21,"clmb",59,2.80952380952381,NA,"Border",2,"KNO3",2014
"B3M",2014-07-21,21,"clmb",318,15.1428571428571,NA,"Border",3,"Midges",2014
"B3C",2014-07-21,21,"clmb",116,5.52380952380952,NA,"Border",3,"Control",2014
"B3K",2014-07-21,21,"clmb",81,3.85714285714286,NA,"Border",3,"KNO3",2014
"B4M",2014-07-21,21,"clmb",110,5.23809523809524,NA,"Border",4,"Midges",2014
"B4C",2014-07-21,21,"clmb",67,3.19047619047619,NA,"Border",4,"Control",2014
"B4K",2014-07-21,21,"clmb",21,1,NA,"Border",4,"KNO3",2014
"L1",2014-07-21,21,"clmb",98,4.66666666666667,NA,"Lupine",NA,"Lupine",2014
"L2",2014-07-21,21,"clmb",29,1.38095238095238,NA,"Lupine",NA,"Lupine",2014
"L3",2014-07-21,21,"clmb",184,8.76190476190476,NA,"Lupine",NA,"Lupine",2014
"L4",2014-07-21,21,"clmb",16,0.761904761904762,NA,"Lupine",NA,"Lupine",2014
"L5",2014-07-21,21,"clmb",35,1.66666666666667,NA,"Lupine",NA,"Lupine",2014
"L6",2014-07-21,21,"clmb",NA,NA,NA,"Lupine",NA,"Lupine",2014
"L7",2014-07-21,21,"clmb",22,1.04761904761905,NA,"Lupine",NA,"Lupine",2014
"L8",2014-07-21,21,"clmb",27,1.28571428571429,NA,"Lupine",NA,"Lupine",2014
"H3M",2016-08-11,24,"aran",3,0.125,NA,"Heath",3,"Midges",2016
"H3K",2016-08-11,24,"aran",1,0.0416666666666667,NA,"Heath",3,"KNO3",2016
"H2K",2016-08-11,24,"aran",9,0.375,NA,"Heath",2,"KNO3",2016
"B3K",2016-08-11,24,"aran",0,0,NA,"Border",3,"KNO3",2016
"B3M",2016-08-11,24,"aran",1,0.0416666666666667,NA,"Border",3,"Midges",2016
"H1K",2016-08-11,24,"aran",4,0.166666666666667,NA,"Heath",1,"KNO3",2016
"B4K",2016-08-11,24,"aran",4,0.166666666666667,NA,"Border",4,"KNO3",2016
"H1C",2016-08-11,24,"aran",3,0.125,NA,"Heath",1,"Control",2016
"B3C",2016-08-11,24,"aran",3,0.125,NA,"Border",3,"Control",2016
"B2C",2016-08-11,24,"aran",1,0.0416666666666667,NA,"Border",2,"Control",2016
"H2M",2016-08-11,24,"aran",0,0,NA,"Heath",2,"Midges",2016
"B1K",2016-08-11,24,"aran",1,0.0416666666666667,NA,"Border",1,"KNO3",2016
"B1C",2016-08-11,24,"aran",13,0.541666666666667,NA,"Border",1,"Control",2016
"H1M",2016-08-11,24,"aran",12,0.5,NA,"Heath",1,"Midges",2016
"H4C",2016-08-11,24,"aran",57,2.375,NA,"Heath",4,"Control",2016
"H2C",2016-08-11,24,"aran",99,4.125,NA,"Heath",2,"Control",2016
"B4C",2016-08-11,24,"aran",21,0.875,NA,"Border",4,"Control",2016
"B2K",2016-08-11,24,"aran",5,0.208333333333333,NA,"Border",2,"KNO3",2016
"H3C",2016-08-11,24,"aran",40,1.66666666666667,NA,"Heath",3,"Control",2016
"H4M",2016-08-11,24,"aran",0,0,NA,"Heath",4,"Midges",2016
"B1M",2016-08-11,24,"aran",1,0.0416666666666667,NA,"Border",1,"Midges",2016
"B4M",2016-08-11,24,"aran",2,0.0833333333333333,NA,"Border",4,"Midges",2016
"H4K",2016-08-11,24,"aran",3,0.125,NA,"Heath",4,"KNO3",2016
"B2M",2016-08-11,24,"aran",0,0,NA,"Border",2,"Midges",2016
"H3M",2016-08-11,24,"gnap",2,0.0833333333333333,NA,"Heath",3,"Midges",2016
"H3K",2016-08-11,24,"gnap",0,0,NA,"Heath",3,"KNO3",2016
"H2K",2016-08-11,24,"gnap",1,0.0416666666666667,NA,"Heath",2,"KNO3",2016
"B3K",2016-08-11,24,"gnap",0,0,NA,"Border",3,"KNO3",2016
"B3M",2016-08-11,24,"gnap",1,0.0416666666666667,NA,"Border",3,"Midges",2016
"H1K",2016-08-11,24,"gnap",1,0.0416666666666667,NA,"Heath",1,"KNO3",2016
"B4K",2016-08-11,24,"gnap",4,0.166666666666667,NA,"Border",4,"KNO3",2016
"H1C",2016-08-11,24,"gnap",3,0.125,NA,"Heath",1,"Control",2016
"B3C",2016-08-11,24,"gnap",0,0,NA,"Border",3,"Control",2016
"B2C",2016-08-11,24,"gnap",0,0,NA,"Border",2,"Control",2016
"H2M",2016-08-11,24,"gnap",2,0.0833333333333333,NA,"Heath",2,"Midges",2016
"B1K",2016-08-11,24,"gnap",0,0,NA,"Border",1,"KNO3",2016
"B1C",2016-08-11,24,"gnap",1,0.0416666666666667,NA,"Border",1,"Control",2016
"H1M",2016-08-11,24,"gnap",1,0.0416666666666667,NA,"Heath",1,"Midges",2016
"H4C",2016-08-11,24,"gnap",1,0.0416666666666667,NA,"Heath",4,"Control",2016
"H2C",2016-08-11,24,"gnap",1,0.0416666666666667,NA,"Heath",2,"Control",2016
"B4C",2016-08-11,24,"gnap",2,0.0833333333333333,NA,"Border",4,"Control",2016
"B2K",2016-08-11,24,"gnap",2,0.0833333333333333,NA,"Border",2,"KNO3",2016
"H3C",2016-08-11,24,"gnap",5,0.208333333333333,NA,"Heath",3,"Control",2016
"H4M",2016-08-11,24,"gnap",0,0,NA,"Heath",4,"Midges",2016
"B1M",2016-08-11,24,"gnap",0,0,NA,"Border",1,"Midges",2016
"B4M",2016-08-11,24,"gnap",3,0.125,NA,"Border",4,"Midges",2016
"H4K",2016-08-11,24,"gnap",0,0,NA,"Heath",4,"KNO3",2016
"B2M",2016-08-11,24,"gnap",0,0,NA,"Border",2,"Midges",2016
"H3M",2016-08-11,24,"thom",0,0,NA,"Heath",3,"Midges",2016
"H3K",2016-08-11,24,"thom",0,0,NA,"Heath",3,"KNO3",2016
"H2K",2016-08-11,24,"thom",0,0,NA,"Heath",2,"KNO3",2016
"B3K",2016-08-11,24,"thom",0,0,NA,"Border",3,"KNO3",2016
"B3M",2016-08-11,24,"thom",0,0,NA,"Border",3,"Midges",2016
"H1K",2016-08-11,24,"thom",0,0,NA,"Heath",1,"KNO3",2016
"B4K",2016-08-11,24,"thom",0,0,NA,"Border",4,"KNO3",2016
"H1C",2016-08-11,24,"thom",1,0.0416666666666667,NA,"Heath",1,"Control",2016
"B3C",2016-08-11,24,"thom",0,0,NA,"Border",3,"Control",2016
"B2C",2016-08-11,24,"thom",0,0,NA,"Border",2,"Control",2016
"H2M",2016-08-11,24,"thom",0,0,NA,"Heath",2,"Midges",2016
"B1K",2016-08-11,24,"thom",0,0,NA,"Border",1,"KNO3",2016
"B1C",2016-08-11,24,"thom",0,0,NA,"Border",1,"Control",2016
"H1M",2016-08-11,24,"thom",4,0.166666666666667,NA,"Heath",1,"Midges",2016
"H4C",2016-08-11,24,"thom",0,0,NA,"Heath",4,"Control",2016
"H2C",2016-08-11,24,"thom",3,0.125,NA,"Heath",2,"Control",2016
"B4C",2016-08-11,24,"thom",0,0,NA,"Border",4,"Control",2016
"B2K",2016-08-11,24,"thom",1,0.0416666666666667,NA,"Border",2,"KNO3",2016
"H3C",2016-08-11,24,"thom",2,0.0833333333333333,NA,"Heath",3,"Control",2016
"H4M",2016-08-11,24,"thom",0,0,NA,"Heath",4,"Midges",2016
"B1M",2016-08-11,24,"thom",0,0,NA,"Border",1,"Midges",2016
"B4M",2016-08-11,24,"thom",0,0,NA,"Border",4,"Midges",2016
"H4K",2016-08-11,24,"thom",0,0,NA,"Heath",4,"KNO3",2016
"B2M",2016-08-11,24,"thom",0,0,NA,"Border",2,"Midges",2016
"H3M",2016-08-11,24,"opil",8,0.333333333333333,NA,"Heath",3,"Midges",2016
"H3K",2016-08-11,24,"opil",126,5.25,NA,"Heath",3,"KNO3",2016
"H2K",2016-08-11,24,"opil",76,3.16666666666667,NA,"Heath",2,"KNO3",2016
"B3K",2016-08-11,24,"opil",29,1.20833333333333,NA,"Border",3,"KNO3",2016
"B3M",2016-08-11,24,"opil",18,0.75,NA,"Border",3,"Midges",2016
"H1K",2016-08-11,24,"opil",22,0.916666666666667,NA,"Heath",1,"KNO3",2016
"B4K",2016-08-11,24,"opil",108,4.5,NA,"Border",4,"KNO3",2016
"H1C",2016-08-11,24,"opil",85,3.54166666666667,NA,"Heath",1,"Control",2016
"B3C",2016-08-11,24,"opil",80,3.33333333333333,NA,"Border",3,"Control",2016
"B2C",2016-08-11,24,"opil",17,0.708333333333333,NA,"Border",2,"Control",2016
"H2M",2016-08-11,24,"opil",3,0.125,NA,"Heath",2,"Midges",2016
"B1K",2016-08-11,24,"opil",28,1.16666666666667,NA,"Border",1,"KNO3",2016
"B1C",2016-08-11,24,"opil",85,3.54166666666667,NA,"Border",1,"Control",2016
"H1M",2016-08-11,24,"opil",47,1.95833333333333,NA,"Heath",1,"Midges",2016
"H4C",2016-08-11,24,"opil",230,9.58333333333333,NA,"Heath",4,"Control",2016
"H2C",2016-08-11,24,"opil",151,6.29166666666667,NA,"Heath",2,"Control",2016
"B4C",2016-08-11,24,"opil",97,4.04166666666667,NA,"Border",4,"Control",2016
"B2K",2016-08-11,24,"opil",44,1.83333333333333,NA,"Border",2,"KNO3",2016
"H3C",2016-08-11,24,"opil",240,10,NA,"Heath",3,"Control",2016
"H4M",2016-08-11,24,"opil",5,0.208333333333333,NA,"Heath",4,"Midges",2016
"B1M",2016-08-11,24,"opil",8,0.333333333333333,NA,"Border",1,"Midges",2016
"B4M",2016-08-11,24,"opil",23,0.958333333333333,NA,"Border",4,"Midges",2016
"H4K",2016-08-11,24,"opil",14,0.583333333333333,NA,"Heath",4,"KNO3",2016
"B2M",2016-08-11,24,"opil",6,0.25,NA,"Border",2,"Midges",2016
"H3M",2016-08-11,24,"acar",46,1.91666666666667,NA,"Heath",3,"Midges",2016
"H3K",2016-08-11,24,"acar",26,1.08333333333333,NA,"Heath",3,"KNO3",2016
"H2K",2016-08-11,24,"acar",24,1,NA,"Heath",2,"KNO3",2016
"B3K",2016-08-11,24,"acar",16,0.666666666666667,NA,"Border",3,"KNO3",2016
"B3M",2016-08-11,24,"acar",18,0.75,NA,"Border",3,"Midges",2016
"H1K",2016-08-11,24,"acar",75,3.125,NA,"Heath",1,"KNO3",2016
"B4K",2016-08-11,24,"acar",4,0.166666666666667,NA,"Border",4,"KNO3",2016
"H1C",2016-08-11,24,"acar",28,1.16666666666667,NA,"Heath",1,"Control",2016
"B3C",2016-08-11,24,"acar",7,0.291666666666667,NA,"Border",3,"Control",2016
"B2C",2016-08-11,24,"acar",12,0.5,NA,"Border",2,"Control",2016
"H2M",2016-08-11,24,"acar",9,0.375,NA,"Heath",2,"Midges",2016
"B1K",2016-08-11,24,"acar",18,0.75,NA,"Border",1,"KNO3",2016
"B1C",2016-08-11,24,"acar",25,1.04166666666667,NA,"Border",1,"Control",2016
"H1M",2016-08-11,24,"acar",33,1.375,NA,"Heath",1,"Midges",2016
"H4C",2016-08-11,24,"acar",12,0.5,NA,"Heath",4,"Control",2016
"H2C",2016-08-11,24,"acar",12,0.5,NA,"Heath",2,"Control",2016
"B4C",2016-08-11,24,"acar",23,0.958333333333333,NA,"Border",4,"Control",2016
"B2K",2016-08-11,24,"acar",23,0.958333333333333,NA,"Border",2,"KNO3",2016
"H3C",2016-08-11,24,"acar",27,1.125,NA,"Heath",3,"Control",2016
"H4M",2016-08-11,24,"acar",11,0.458333333333333,NA,"Heath",4,"Midges",2016
"B1M",2016-08-11,24,"acar",10,0.416666666666667,NA,"Border",1,"Midges",2016
"B4M",2016-08-11,24,"acar",22,0.916666666666667,NA,"Border",4,"Midges",2016
"H4K",2016-08-11,24,"acar",16,0.666666666666667,NA,"Heath",4,"KNO3",2016
"B2M",2016-08-11,24,"acar",18,0.75,NA,"Border",2,"Midges",2016
"H3M",2016-08-11,24,"trom",2,0.0833333333333333,NA,"Heath",3,"Midges",2016
"H3K",2016-08-11,24,"trom",72,3,NA,"Heath",3,"KNO3",2016
"H2K",2016-08-11,24,"trom",74,3.08333333333333,NA,"Heath",2,"KNO3",2016
"B3K",2016-08-11,24,"trom",14,0.583333333333333,NA,"Border",3,"KNO3",2016
"B3M",2016-08-11,24,"trom",28,1.16666666666667,NA,"Border",3,"Midges",2016
"H1K",2016-08-11,24,"trom",8,0.333333333333333,NA,"Heath",1,"KNO3",2016
"B4K",2016-08-11,24,"trom",80,3.33333333333333,NA,"Border",4,"KNO3",2016
"H1C",2016-08-11,24,"trom",84,3.5,NA,"Heath",1,"Control",2016
"B3C",2016-08-11,24,"trom",59,2.45833333333333,NA,"Border",3,"Control",2016
"B2C",2016-08-11,24,"trom",5,0.208333333333333,NA,"Border",2,"Control",2016
"H2M",2016-08-11,24,"trom",10,0.416666666666667,NA,"Heath",2,"Midges",2016
"B1K",2016-08-11,24,"trom",10,0.416666666666667,NA,"Border",1,"KNO3",2016
"B1C",2016-08-11,24,"trom",86,3.58333333333333,NA,"Border",1,"Control",2016
"H1M",2016-08-11,24,"trom",58,2.41666666666667,NA,"Heath",1,"Midges",2016
"H4C",2016-08-11,24,"trom",135,5.625,NA,"Heath",4,"Control",2016
"H2C",2016-08-11,24,"trom",123,5.125,NA,"Heath",2,"Control",2016
"B4C",2016-08-11,24,"trom",61,2.54166666666667,NA,"Border",4,"Control",2016
"B2K",2016-08-11,24,"trom",25,1.04166666666667,NA,"Border",2,"KNO3",2016
"H3C",2016-08-11,24,"trom",263,10.9583333333333,NA,"Heath",3,"Control",2016
"H4M",2016-08-11,24,"trom",3,0.125,NA,"Heath",4,"Midges",2016
"B1M",2016-08-11,24,"trom",8,0.333333333333333,NA,"Border",1,"Midges",2016
"B4M",2016-08-11,24,"trom",24,1,NA,"Border",4,"Midges",2016
"H4K",2016-08-11,24,"trom",5,0.208333333333333,NA,"Heath",4,"KNO3",2016
"B2M",2016-08-11,24,"trom",6,0.25,NA,"Border",2,"Midges",2016
"H3M",2016-08-11,24,"cole",0,0,NA,"Heath",3,"Midges",2016
"H3K",2016-08-11,24,"cole",0,0,NA,"Heath",3,"KNO3",2016
"H2K",2016-08-11,24,"cole",0,0,NA,"Heath",2,"KNO3",2016
"B3K",2016-08-11,24,"cole",0,0,NA,"Border",3,"KNO3",2016
"B3M",2016-08-11,24,"cole",0,0,NA,"Border",3,"Midges",2016
"H1K",2016-08-11,24,"cole",0,0,NA,"Heath",1,"KNO3",2016
"B4K",2016-08-11,24,"cole",7,0.291666666666667,NA,"Border",4,"KNO3",2016
"H1C",2016-08-11,24,"cole",0,0,NA,"Heath",1,"Control",2016
"B3C",2016-08-11,24,"cole",0,0,NA,"Border",3,"Control",2016
"B2C",2016-08-11,24,"cole",0,0,NA,"Border",2,"Control",2016
"H2M",2016-08-11,24,"cole",0,0,NA,"Heath",2,"Midges",2016
"B1K",2016-08-11,24,"cole",0,0,NA,"Border",1,"KNO3",2016
"B1C",2016-08-11,24,"cole",0,0,NA,"Border",1,"Control",2016
"H1M",2016-08-11,24,"cole",3,0.125,NA,"Heath",1,"Midges",2016
"H4C",2016-08-11,24,"cole",0,0,NA,"Heath",4,"Control",2016
"H2C",2016-08-11,24,"cole",0,0,NA,"Heath",2,"Control",2016
"B4C",2016-08-11,24,"cole",0,0,NA,"Border",4,"Control",2016
"B2K",2016-08-11,24,"cole",0,0,NA,"Border",2,"KNO3",2016
"H3C",2016-08-11,24,"cole",0,0,NA,"Heath",3,"Control",2016
"H4M",2016-08-11,24,"cole",0,0,NA,"Heath",4,"Midges",2016
"B1M",2016-08-11,24,"cole",0,0,NA,"Border",1,"Midges",2016
"B4M",2016-08-11,24,"cole",0,0,NA,"Border",4,"Midges",2016
"H4K",2016-08-11,24,"cole",0,0,NA,"Heath",4,"KNO3",2016
"B2M",2016-08-11,24,"cole",0,0,NA,"Border",2,"Midges",2016
"H3M",2016-08-11,24,"cryp",0,0,NA,"Heath",3,"Midges",2016
"H3K",2016-08-11,24,"cryp",0,0,NA,"Heath",3,"KNO3",2016
"H2K",2016-08-11,24,"cryp",0,0,NA,"Heath",2,"KNO3",2016
"B3K",2016-08-11,24,"cryp",1,0.0416666666666667,NA,"Border",3,"KNO3",2016
"B3M",2016-08-11,24,"cryp",0,0,NA,"Border",3,"Midges",2016
"H1K",2016-08-11,24,"cryp",0,0,NA,"Heath",1,"KNO3",2016
"B4K",2016-08-11,24,"cryp",1,0.0416666666666667,NA,"Border",4,"KNO3",2016
"H1C",2016-08-11,24,"cryp",0,0,NA,"Heath",1,"Control",2016
"B3C",2016-08-11,24,"cryp",0,0,NA,"Border",3,"Control",2016
"B2C",2016-08-11,24,"cryp",0,0,NA,"Border",2,"Control",2016
"H2M",2016-08-11,24,"cryp",0,0,NA,"Heath",2,"Midges",2016
"B1K",2016-08-11,24,"cryp",0,0,NA,"Border",1,"KNO3",2016
"B1C",2016-08-11,24,"cryp",1,0.0416666666666667,NA,"Border",1,"Control",2016
"H1M",2016-08-11,24,"cryp",1,0.0416666666666667,NA,"Heath",1,"Midges",2016
"H4C",2016-08-11,24,"cryp",0,0,NA,"Heath",4,"Control",2016
"H2C",2016-08-11,24,"cryp",0,0,NA,"Heath",2,"Control",2016
"B4C",2016-08-11,24,"cryp",1,0.0416666666666667,NA,"Border",4,"Control",2016
"B2K",2016-08-11,24,"cryp",0,0,NA,"Border",2,"KNO3",2016
"H3C",2016-08-11,24,"cryp",0,0,NA,"Heath",3,"Control",2016
"H4M",2016-08-11,24,"cryp",0,0,NA,"Heath",4,"Midges",2016
"B1M",2016-08-11,24,"cryp",0,0,NA,"Border",1,"Midges",2016
"B4M",2016-08-11,24,"cryp",0,0,NA,"Border",4,"Midges",2016
"H4K",2016-08-11,24,"cryp",0,0,NA,"Heath",4,"KNO3",2016
"B2M",2016-08-11,24,"cryp",0,0,NA,"Border",2,"Midges",2016
"H3M",2016-08-11,24,"stap",31,1.29166666666667,NA,"Heath",3,"Midges",2016
"H3K",2016-08-11,24,"stap",5,0.208333333333333,NA,"Heath",3,"KNO3",2016
"H2K",2016-08-11,24,"stap",28,1.16666666666667,NA,"Heath",2,"KNO3",2016
"B3K",2016-08-11,24,"stap",28,1.16666666666667,NA,"Border",3,"KNO3",2016
"B3M",2016-08-11,24,"stap",65,2.70833333333333,NA,"Border",3,"Midges",2016
"H1K",2016-08-11,24,"stap",10,0.416666666666667,NA,"Heath",1,"KNO3",2016
"B4K",2016-08-11,24,"stap",113,4.70833333333333,NA,"Border",4,"KNO3",2016
"H1C",2016-08-11,24,"stap",5,0.208333333333333,NA,"Heath",1,"Control",2016
"B3C",2016-08-11,24,"stap",13,0.541666666666667,NA,"Border",3,"Control",2016
"B2C",2016-08-11,24,"stap",7,0.291666666666667,NA,"Border",2,"Control",2016
"H2M",2016-08-11,24,"stap",15,0.625,NA,"Heath",2,"Midges",2016
"B1K",2016-08-11,24,"stap",24,1,NA,"Border",1,"KNO3",2016
"B1C",2016-08-11,24,"stap",13,0.541666666666667,NA,"Border",1,"Control",2016
"H1M",2016-08-11,24,"stap",39,1.625,NA,"Heath",1,"Midges",2016
"H4C",2016-08-11,24,"stap",5,0.208333333333333,NA,"Heath",4,"Control",2016
"H2C",2016-08-11,24,"stap",1,0.0416666666666667,NA,"Heath",2,"Control",2016
"B4C",2016-08-11,24,"stap",78,3.25,NA,"Border",4,"Control",2016
"B2K",2016-08-11,24,"stap",14,0.583333333333333,NA,"Border",2,"KNO3",2016
"H3C",2016-08-11,24,"stap",0,0,NA,"Heath",3,"Control",2016
"H4M",2016-08-11,24,"stap",25,1.04166666666667,NA,"Heath",4,"Midges",2016
"B1M",2016-08-11,24,"stap",48,2,NA,"Border",1,"Midges",2016
"B4M",2016-08-11,24,"stap",50,2.08333333333333,NA,"Border",4,"Midges",2016
"H4K",2016-08-11,24,"stap",17,0.708333333333333,NA,"Heath",4,"KNO3",2016
"B2M",2016-08-11,24,"stap",13,0.541666666666667,NA,"Border",2,"Midges",2016
"H3M",2016-08-11,24,"cara",6,0.25,NA,"Heath",3,"Midges",2016
"H3K",2016-08-11,24,"cara",6,0.25,NA,"Heath",3,"KNO3",2016
"H2K",2016-08-11,24,"cara",16,0.666666666666667,NA,"Heath",2,"KNO3",2016
"B3K",2016-08-11,24,"cara",36,1.5,NA,"Border",3,"KNO3",2016
"B3M",2016-08-11,24,"cara",17,0.708333333333333,NA,"Border",3,"Midges",2016
"H1K",2016-08-11,24,"cara",12,0.5,NA,"Heath",1,"KNO3",2016
"B4K",2016-08-11,24,"cara",58,2.41666666666667,NA,"Border",4,"KNO3",2016
"H1C",2016-08-11,24,"cara",4,0.166666666666667,NA,"Heath",1,"Control",2016
"B3C",2016-08-11,24,"cara",18,0.75,NA,"Border",3,"Control",2016
"B2C",2016-08-11,24,"cara",3,0.125,NA,"Border",2,"Control",2016
"H2M",2016-08-11,24,"cara",1,0.0416666666666667,NA,"Heath",2,"Midges",2016
"B1K",2016-08-11,24,"cara",33,1.375,NA,"Border",1,"KNO3",2016
"B1C",2016-08-11,24,"cara",41,1.70833333333333,NA,"Border",1,"Control",2016
"H1M",2016-08-11,24,"cara",22,0.916666666666667,NA,"Heath",1,"Midges",2016
"H4C",2016-08-11,24,"cara",1,0.0416666666666667,NA,"Heath",4,"Control",2016
"H2C",2016-08-11,24,"cara",0,0,NA,"Heath",2,"Control",2016
"B4C",2016-08-11,24,"cara",45,1.875,NA,"Border",4,"Control",2016
"B2K",2016-08-11,24,"cara",18,0.75,NA,"Border",2,"KNO3",2016
"H3C",2016-08-11,24,"cara",0,0,NA,"Heath",3,"Control",2016
"H4M",2016-08-11,24,"cara",12,0.5,NA,"Heath",4,"Midges",2016
"B1M",2016-08-11,24,"cara",32,1.33333333333333,NA,"Border",1,"Midges",2016
"B4M",2016-08-11,24,"cara",12,0.5,NA,"Border",4,"Midges",2016
"H4K",2016-08-11,24,"cara",12,0.5,NA,"Heath",4,"KNO3",2016
"B2M",2016-08-11,24,"cara",5,0.208333333333333,NA,"Border",2,"Midges",2016
"H3M",2016-08-11,24,"curc",0,0,NA,"Heath",3,"Midges",2016
"H3K",2016-08-11,24,"curc",0,0,NA,"Heath",3,"KNO3",2016
"H2K",2016-08-11,24,"curc",0,0,NA,"Heath",2,"KNO3",2016
"B3K",2016-08-11,24,"curc",0,0,NA,"Border",3,"KNO3",2016
"B3M",2016-08-11,24,"curc",0,0,NA,"Border",3,"Midges",2016
"H1K",2016-08-11,24,"curc",0,0,NA,"Heath",1,"KNO3",2016
"B4K",2016-08-11,24,"curc",0,0,NA,"Border",4,"KNO3",2016
"H1C",2016-08-11,24,"curc",0,0,NA,"Heath",1,"Control",2016
"B3C",2016-08-11,24,"curc",0,0,NA,"Border",3,"Control",2016
"B2C",2016-08-11,24,"curc",0,0,NA,"Border",2,"Control",2016
"H2M",2016-08-11,24,"curc",0,0,NA,"Heath",2,"Midges",2016
"B1K",2016-08-11,24,"curc",0,0,NA,"Border",1,"KNO3",2016
"B1C",2016-08-11,24,"curc",0,0,NA,"Border",1,"Control",2016
"H1M",2016-08-11,24,"curc",0,0,NA,"Heath",1,"Midges",2016
"H4C",2016-08-11,24,"curc",0,0,NA,"Heath",4,"Control",2016
"H2C",2016-08-11,24,"curc",0,0,NA,"Heath",2,"Control",2016
"B4C",2016-08-11,24,"curc",0,0,NA,"Border",4,"Control",2016
"B2K",2016-08-11,24,"curc",0,0,NA,"Border",2,"KNO3",2016
"H3C",2016-08-11,24,"curc",0,0,NA,"Heath",3,"Control",2016
"H4M",2016-08-11,24,"curc",0,0,NA,"Heath",4,"Midges",2016
"B1M",2016-08-11,24,"curc",0,0,NA,"Border",1,"Midges",2016
"B4M",2016-08-11,24,"curc",0,0,NA,"Border",4,"Midges",2016
"H4K",2016-08-11,24,"curc",0,0,NA,"Heath",4,"KNO3",2016
"B2M",2016-08-11,24,"curc",0,0,NA,"Border",2,"Midges",2016
"H3M",2016-08-11,24,"colj",0,0,NA,"Heath",3,"Midges",2016
"H3K",2016-08-11,24,"colj",1,0.0416666666666667,NA,"Heath",3,"KNO3",2016
"H2K",2016-08-11,24,"colj",3,0.125,NA,"Heath",2,"KNO3",2016
"B3K",2016-08-11,24,"colj",1,0.0416666666666667,NA,"Border",3,"KNO3",2016
"B3M",2016-08-11,24,"colj",21,0.875,NA,"Border",3,"Midges",2016
"H1K",2016-08-11,24,"colj",0,0,NA,"Heath",1,"KNO3",2016
"B4K",2016-08-11,24,"colj",0,0,NA,"Border",4,"KNO3",2016
"H1C",2016-08-11,24,"colj",0,0,NA,"Heath",1,"Control",2016
"B3C",2016-08-11,24,"colj",1,0.0416666666666667,NA,"Border",3,"Control",2016
"B2C",2016-08-11,24,"colj",0,0,NA,"Border",2,"Control",2016
"H2M",2016-08-11,24,"colj",6,0.25,NA,"Heath",2,"Midges",2016
"B1K",2016-08-11,24,"colj",0,0,NA,"Border",1,"KNO3",2016
"B1C",2016-08-11,24,"colj",0,0,NA,"Border",1,"Control",2016
"H1M",2016-08-11,24,"colj",0,0,NA,"Heath",1,"Midges",2016
"H4C",2016-08-11,24,"colj",0,0,NA,"Heath",4,"Control",2016
"H2C",2016-08-11,24,"colj",0,0,NA,"Heath",2,"Control",2016
"B4C",2016-08-11,24,"colj",0,0,NA,"Border",4,"Control",2016
"B2K",2016-08-11,24,"colj",2,0.0833333333333333,NA,"Border",2,"KNO3",2016
"H3C",2016-08-11,24,"colj",0,0,NA,"Heath",3,"Control",2016
"H4M",2016-08-11,24,"colj",8,0.333333333333333,NA,"Heath",4,"Midges",2016
"B1M",2016-08-11,24,"colj",1,0.0416666666666667,NA,"Border",1,"Midges",2016
"B4M",2016-08-11,24,"colj",1,0.0416666666666667,NA,"Border",4,"Midges",2016
"H4K",2016-08-11,24,"colj",1,0.0416666666666667,NA,"Heath",4,"KNO3",2016
"B2M",2016-08-11,24,"colj",3,0.125,NA,"Border",2,"Midges",2016
"H3M",2016-08-11,24,"clmb",548,22.8333333333333,NA,"Heath",3,"Midges",2016
"H3K",2016-08-11,24,"clmb",228,9.5,NA,"Heath",3,"KNO3",2016
"H2K",2016-08-11,24,"clmb",598,24.9166666666667,NA,"Heath",2,"KNO3",2016
"B3K",2016-08-11,24,"clmb",182,7.58333333333333,NA,"Border",3,"KNO3",2016
"B3M",2016-08-11,24,"clmb",143,5.95833333333333,NA,"Border",3,"Midges",2016
"H1K",2016-08-11,24,"clmb",332,13.8333333333333,NA,"Heath",1,"KNO3",2016
"B4K",2016-08-11,24,"clmb",158,6.58333333333333,NA,"Border",4,"KNO3",2016
"H1C",2016-08-11,24,"clmb",467,19.4583333333333,NA,"Heath",1,"Control",2016
"B3C",2016-08-11,24,"clmb",173,7.20833333333333,NA,"Border",3,"Control",2016
"B2C",2016-08-11,24,"clmb",17,0.708333333333333,NA,"Border",2,"Control",2016
"H2M",2016-08-11,24,"clmb",138,5.75,NA,"Heath",2,"Midges",2016
"B1K",2016-08-11,24,"clmb",227,9.45833333333333,NA,"Border",1,"KNO3",2016
"B1C",2016-08-11,24,"clmb",234,9.75,NA,"Border",1,"Control",2016
"H1M",2016-08-11,24,"clmb",821,34.2083333333333,NA,"Heath",1,"Midges",2016
"H4C",2016-08-11,24,"clmb",367,15.2916666666667,NA,"Heath",4,"Control",2016
"H2C",2016-08-11,24,"clmb",126,5.25,NA,"Heath",2,"Control",2016
"B4C",2016-08-11,24,"clmb",190,7.91666666666667,NA,"Border",4,"Control",2016
"B2K",2016-08-11,24,"clmb",286,11.9166666666667,NA,"Border",2,"KNO3",2016
"H3C",2016-08-11,24,"clmb",734,30.5833333333333,NA,"Heath",3,"Control",2016
"H4M",2016-08-11,24,"clmb",237,9.875,NA,"Heath",4,"Midges",2016
"B1M",2016-08-11,24,"clmb",89,3.70833333333333,NA,"Border",1,"Midges",2016
"B4M",2016-08-11,24,"clmb",413,17.2083333333333,NA,"Border",4,"Midges",2016
"H4K",2016-08-11,24,"clmb",132,5.5,NA,"Heath",4,"KNO3",2016
"B2M",2016-08-11,24,"clmb",425,17.7083333333333,NA,"Border",2,"Midges",2016
"H3M",2016-08-11,24,"lyco",1,0.0416666666666667,NA,"Heath",3,"Midges",2016
"H3K",2016-08-11,24,"lyco",9,0.375,NA,"Heath",3,"KNO3",2016
"H2K",2016-08-11,24,"lyco",1,0.0416666666666667,NA,"Heath",2,"KNO3",2016
"B3K",2016-08-11,24,"lyco",1,0.0416666666666667,NA,"Border",3,"KNO3",2016
"B3M",2016-08-11,24,"lyco",2,0.0833333333333333,NA,"Border",3,"Midges",2016
"H1K",2016-08-11,24,"lyco",4,0.166666666666667,NA,"Heath",1,"KNO3",2016
"B4K",2016-08-11,24,"lyco",2,0.0833333333333333,NA,"Border",4,"KNO3",2016
"H1C",2016-08-11,24,"lyco",4,0.166666666666667,NA,"Heath",1,"Control",2016
"B3C",2016-08-11,24,"lyco",6,0.25,NA,"Border",3,"Control",2016
"B2C",2016-08-11,24,"lyco",0,0,NA,"Border",2,"Control",2016
"H2M",2016-08-11,24,"lyco",2,0.0833333333333333,NA,"Heath",2,"Midges",2016
"B1K",2016-08-11,24,"lyco",0,0,NA,"Border",1,"KNO3",2016
"B1C",2016-08-11,24,"lyco",6,0.25,NA,"Border",1,"Control",2016
"H1M",2016-08-11,24,"lyco",6,0.25,NA,"Heath",1,"Midges",2016
"H4C",2016-08-11,24,"lyco",24,1,NA,"Heath",4,"Control",2016
"H2C",2016-08-11,24,"lyco",11,0.458333333333333,NA,"Heath",2,"Control",2016
"B4C",2016-08-11,24,"lyco",2,0.0833333333333333,NA,"Border",4,"Control",2016
"B2K",2016-08-11,24,"lyco",6,0.25,NA,"Border",2,"KNO3",2016
"H3C",2016-08-11,24,"lyco",21,0.875,NA,"Heath",3,"Control",2016
"H4M",2016-08-11,24,"lyco",2,0.0833333333333333,NA,"Heath",4,"Midges",2016
"B1M",2016-08-11,24,"lyco",0,0,NA,"Border",1,"Midges",2016
"B4M",2016-08-11,24,"lyco",3,0.125,NA,"Border",4,"Midges",2016
"H4K",2016-08-11,24,"lyco",0,0,NA,"Heath",4,"KNO3",2016
"B2M",2016-08-11,24,"lyco",3,0.125,NA,"Border",2,"Midges",2016
"B1C",2018-07-09,7,"lyco",1,0.142857142857143,NA,"Border",1,"Control",2018
"B1K",2018-07-09,7,"lyco",0,0,NA,"Border",1,"KNO3",2018
"B1M",2018-07-09,7,"lyco",1,0.142857142857143,NA,"Border",1,"Midges",2018
"B2C",2018-07-09,7,"lyco",1,0.142857142857143,NA,"Border",2,"Control",2018
"B2K",2018-07-09,7,"lyco",3,0.428571428571429,NA,"Border",2,"KNO3",2018
"B2M",2018-07-09,7,"lyco",7,1,NA,"Border",2,"Midges",2018
"B3C",2018-07-09,7,"lyco",1,0.142857142857143,NA,"Border",3,"Control",2018
"B3M",2018-07-09,7,"lyco",1,0.142857142857143,NA,"Border",3,"Midges",2018
"B4C",2018-07-09,7,"lyco",0,0,NA,"Border",4,"Control",2018
"B3K",2018-07-09,7,"lyco",4,0.571428571428571,"This may be B3K or B4K chose one to retain all data. remove later?","Border",3,"KNO3",2018
"B4K",2018-07-09,7,"lyco",1,0.142857142857143,"This may be B3K or B4K chose one to retain all data. remove later?","Border",4,"KNO3",2018
"B4M",2018-07-09,7,"lyco",2,0.285714285714286,NA,"Border",4,"Midges",2018
"H1C",2018-07-09,7,"lyco",0,0,NA,"Heath",1,"Control",2018
"H1K",2018-07-09,7,"lyco",4,0.571428571428571,NA,"Heath",1,"KNO3",2018
"H1M",2018-07-09,7,"lyco",0,0,NA,"Heath",1,"Midges",2018
"H2C",2018-07-09,7,"lyco",6,0.857142857142857,NA,"Heath",2,"Control",2018
"H2K",2018-07-09,7,"lyco",0,0,NA,"Heath",2,"KNO3",2018
"H2M",2018-07-09,7,"lyco",0,0,NA,"Heath",2,"Midges",2018
"H3C",2018-07-09,7,"lyco",2,0.285714285714286,NA,"Heath",3,"Control",2018
"H3K",2018-07-09,7,"lyco",2,0.285714285714286,NA,"Heath",3,"KNO3",2018
"H3M",2018-07-09,7,"lyco",0,0,NA,"Heath",3,"Midges",2018
"H4C",2018-07-09,7,"lyco",3,0.428571428571429,NA,"Heath",4,"Control",2018
"H4K",2018-07-09,7,"lyco",1,0.142857142857143,NA,"Heath",4,"KNO3",2018
"H4M",2018-07-09,7,"lyco",7,1,NA,"Heath",4,"Midges",2018
"L1",2018-07-09,7,"lyco",0,0,NA,"Lupine",NA,"Lupine",2018
"L2",2018-07-09,7,"lyco",2,0.285714285714286,NA,"Lupine",NA,"Lupine",2018
"L4",2018-07-09,7,"lyco",0,0,NA,"Lupine",NA,"Lupine",2018
"L3",2018-07-09,7,"lyco",0,0,NA,"Lupine",NA,"Lupine",2018
"B1C",2018-07-09,7,"gnap",0,0,NA,"Border",1,"Control",2018
"B1K",2018-07-09,7,"gnap",0,0,NA,"Border",1,"KNO3",2018
"B1M",2018-07-09,7,"gnap",0,0,NA,"Border",1,"Midges",2018
"B2C",2018-07-09,7,"gnap",1,0.142857142857143,NA,"Border",2,"Control",2018
"B2K",2018-07-09,7,"gnap",1,0.142857142857143,NA,"Border",2,"KNO3",2018
"B2M",2018-07-09,7,"gnap",0,0,NA,"Border",2,"Midges",2018
"B3C",2018-07-09,7,"gnap",1,0.142857142857143,NA,"Border",3,"Control",2018
"B3M",2018-07-09,7,"gnap",0,0,NA,"Border",3,"Midges",2018
"B4C",2018-07-09,7,"gnap",0,0,NA,"Border",4,"Control",2018
"B3K",2018-07-09,7,"gnap",0,0,"This may be B3K or B4K chose one to retain all data. remove later?","Border",3,"KNO3",2018
"B4K",2018-07-09,7,"gnap",1,0.142857142857143,"This may be B3K or B4K chose one to retain all data. remove later?","Border",4,"KNO3",2018
"B4M",2018-07-09,7,"gnap",2,0.285714285714286,NA,"Border",4,"Midges",2018
"H1C",2018-07-09,7,"gnap",0,0,NA,"Heath",1,"Control",2018
"H1K",2018-07-09,7,"gnap",0,0,NA,"Heath",1,"KNO3",2018
"H1M",2018-07-09,7,"gnap",0,0,NA,"Heath",1,"Midges",2018
"H2C",2018-07-09,7,"gnap",1,0.142857142857143,NA,"Heath",2,"Control",2018
"H2K",2018-07-09,7,"gnap",0,0,NA,"Heath",2,"KNO3",2018
"H2M",2018-07-09,7,"gnap",0,0,NA,"Heath",2,"Midges",2018
"H3C",2018-07-09,7,"gnap",1,0.142857142857143,NA,"Heath",3,"Control",2018
"H3K",2018-07-09,7,"gnap",1,0.142857142857143,NA,"Heath",3,"KNO3",2018
"H3M",2018-07-09,7,"gnap",0,0,NA,"Heath",3,"Midges",2018
"H4C",2018-07-09,7,"gnap",0,0,NA,"Heath",4,"Control",2018
"H4K",2018-07-09,7,"gnap",0,0,NA,"Heath",4,"KNO3",2018
"H4M",2018-07-09,7,"gnap",0,0,NA,"Heath",4,"Midges",2018
"L1",2018-07-09,7,"gnap",0,0,NA,"Lupine",NA,"Lupine",2018
"L2",2018-07-09,7,"gnap",0,0,NA,"Lupine",NA,"Lupine",2018
"L4",2018-07-09,7,"gnap",0,0,NA,"Lupine",NA,"Lupine",2018
"L3",2018-07-09,7,"gnap",0,0,NA,"Lupine",NA,"Lupine",2018
"B1C",2018-07-09,7,"thom",0,0,NA,"Border",1,"Control",2018
"B1K",2018-07-09,7,"thom",0,0,NA,"Border",1,"KNO3",2018
"B1M",2018-07-09,7,"thom",0,0,NA,"Border",1,"Midges",2018
"B2C",2018-07-09,7,"thom",0,0,NA,"Border",2,"Control",2018
"B2K",2018-07-09,7,"thom",0,0,NA,"Border",2,"KNO3",2018
"B2M",2018-07-09,7,"thom",0,0,NA,"Border",2,"Midges",2018
"B3C",2018-07-09,7,"thom",0,0,NA,"Border",3,"Control",2018
"B3M",2018-07-09,7,"thom",0,0,NA,"Border",3,"Midges",2018
"B4C",2018-07-09,7,"thom",0,0,NA,"Border",4,"Control",2018
"B3K",2018-07-09,7,"thom",0,0,"This may be B3K or B4K chose one to retain all data. remove later?","Border",3,"KNO3",2018
"B4K",2018-07-09,7,"thom",0,0,"This may be B3K or B4K chose one to retain all data. remove later?","Border",4,"KNO3",2018
"B4M",2018-07-09,7,"thom",0,0,NA,"Border",4,"Midges",2018
"H1C",2018-07-09,7,"thom",0,0,NA,"Heath",1,"Control",2018
"H1K",2018-07-09,7,"thom",0,0,NA,"Heath",1,"KNO3",2018
"H1M",2018-07-09,7,"thom",0,0,NA,"Heath",1,"Midges",2018
"H2C",2018-07-09,7,"thom",0,0,NA,"Heath",2,"Control",2018
"H2K",2018-07-09,7,"thom",0,0,NA,"Heath",2,"KNO3",2018
"H2M",2018-07-09,7,"thom",0,0,NA,"Heath",2,"Midges",2018
"H3C",2018-07-09,7,"thom",0,0,NA,"Heath",3,"Control",2018
"H3K",2018-07-09,7,"thom",0,0,NA,"Heath",3,"KNO3",2018
"H3M",2018-07-09,7,"thom",0,0,NA,"Heath",3,"Midges",2018
"H4C",2018-07-09,7,"thom",0,0,NA,"Heath",4,"Control",2018
"H4K",2018-07-09,7,"thom",0,0,NA,"Heath",4,"KNO3",2018
"H4M",2018-07-09,7,"thom",0,0,NA,"Heath",4,"Midges",2018
"L1",2018-07-09,7,"thom",0,0,NA,"Lupine",NA,"Lupine",2018
"L2",2018-07-09,7,"thom",0,0,NA,"Lupine",NA,"Lupine",2018
"L4",2018-07-09,7,"thom",0,0,NA,"Lupine",NA,"Lupine",2018
"L3",2018-07-09,7,"thom",0,0,NA,"Lupine",NA,"Lupine",2018
"B1C",2018-07-09,7,"aran",2,0.285714285714286,NA,"Border",1,"Control",2018
"B1K",2018-07-09,7,"aran",1,0.142857142857143,NA,"Border",1,"KNO3",2018
"B1M",2018-07-09,7,"aran",0,0,NA,"Border",1,"Midges",2018
"B2C",2018-07-09,7,"aran",1,0.142857142857143,NA,"Border",2,"Control",2018
"B2K",2018-07-09,7,"aran",1,0.142857142857143,NA,"Border",2,"KNO3",2018
"B2M",2018-07-09,7,"aran",1,0.142857142857143,NA,"Border",2,"Midges",2018
"B3C",2018-07-09,7,"aran",0,0,NA,"Border",3,"Control",2018
"B3M",2018-07-09,7,"aran",0,0,NA,"Border",3,"Midges",2018
"B4C",2018-07-09,7,"aran",1,0.142857142857143,NA,"Border",4,"Control",2018
"B3K",2018-07-09,7,"aran",2,0.285714285714286,"This may be B3K or B4K chose one to retain all data. remove later?","Border",3,"KNO3",2018
"B4K",2018-07-09,7,"aran",4,0.571428571428571,"This may be B3K or B4K chose one to retain all data. remove later?","Border",4,"KNO3",2018
"B4M",2018-07-09,7,"aran",2,0.285714285714286,NA,"Border",4,"Midges",2018
"H1C",2018-07-09,7,"aran",0,0,NA,"Heath",1,"Control",2018
"H1K",2018-07-09,7,"aran",3,0.428571428571429,NA,"Heath",1,"KNO3",2018
"H1M",2018-07-09,7,"aran",0,0,NA,"Heath",1,"Midges",2018
"H2C",2018-07-09,7,"aran",1,0.142857142857143,NA,"Heath",2,"Control",2018
"H2K",2018-07-09,7,"aran",0,0,NA,"Heath",2,"KNO3",2018
"H2M",2018-07-09,7,"aran",4,0.571428571428571,NA,"Heath",2,"Midges",2018
"H3C",2018-07-09,7,"aran",1,0.142857142857143,NA,"Heath",3,"Control",2018
"H3K",2018-07-09,7,"aran",3,0.428571428571429,NA,"Heath",3,"KNO3",2018
"H3M",2018-07-09,7,"aran",1,0.142857142857143,NA,"Heath",3,"Midges",2018
"H4C",2018-07-09,7,"aran",0,0,NA,"Heath",4,"Control",2018
"H4K",2018-07-09,7,"aran",3,0.428571428571429,NA,"Heath",4,"KNO3",2018
"H4M",2018-07-09,7,"aran",1,0.142857142857143,NA,"Heath",4,"Midges",2018
"L1",2018-07-09,7,"aran",1,0.142857142857143,NA,"Lupine",NA,"Lupine",2018
"L2",2018-07-09,7,"aran",3,0.428571428571429,NA,"Lupine",NA,"Lupine",2018
"L4",2018-07-09,7,"aran",0,0,NA,"Lupine",NA,"Lupine",2018
"L3",2018-07-09,7,"aran",0,0,NA,"Lupine",NA,"Lupine",2018
"B1C",2018-07-09,7,"opil",3,0.428571428571429,NA,"Border",1,"Control",2018
"B1K",2018-07-09,7,"opil",3,0.428571428571429,NA,"Border",1,"KNO3",2018
"B1M",2018-07-09,7,"opil",1,0.142857142857143,NA,"Border",1,"Midges",2018
"B2C",2018-07-09,7,"opil",1,0.142857142857143,NA,"Border",2,"Control",2018
"B2K",2018-07-09,7,"opil",12,1.71428571428571,NA,"Border",2,"KNO3",2018
"B2M",2018-07-09,7,"opil",13,1.85714285714286,NA,"Border",2,"Midges",2018
"B3C",2018-07-09,7,"opil",5,0.714285714285714,NA,"Border",3,"Control",2018
"B3M",2018-07-09,7,"opil",4,0.571428571428571,NA,"Border",3,"Midges",2018
"B4C",2018-07-09,7,"opil",2,0.285714285714286,NA,"Border",4,"Control",2018
"B3K",2018-07-09,7,"opil",8,1.14285714285714,"This may be B3K or B4K chose one to retain all data. remove later?","Border",3,"KNO3",2018
"B4K",2018-07-09,7,"opil",1,0.142857142857143,"This may be B3K or B4K chose one to retain all data. remove later?","Border",4,"KNO3",2018
"B4M",2018-07-09,7,"opil",0,0,NA,"Border",4,"Midges",2018
"H1C",2018-07-09,7,"opil",0,0,NA,"Heath",1,"Control",2018
"H1K",2018-07-09,7,"opil",2,0.285714285714286,NA,"Heath",1,"KNO3",2018
"H1M",2018-07-09,7,"opil",2,0.285714285714286,NA,"Heath",1,"Midges",2018
"H2C",2018-07-09,7,"opil",2,0.285714285714286,NA,"Heath",2,"Control",2018
"H2K",2018-07-09,7,"opil",4,0.571428571428571,NA,"Heath",2,"KNO3",2018
"H2M",2018-07-09,7,"opil",1,0.142857142857143,NA,"Heath",2,"Midges",2018
"H3C",2018-07-09,7,"opil",0,0,NA,"Heath",3,"Control",2018
"H3K",2018-07-09,7,"opil",2,0.285714285714286,NA,"Heath",3,"KNO3",2018
"H3M",2018-07-09,7,"opil",0,0,NA,"Heath",3,"Midges",2018
"H4C",2018-07-09,7,"opil",1,0.142857142857143,NA,"Heath",4,"Control",2018
"H4K",2018-07-09,7,"opil",1,0.142857142857143,NA,"Heath",4,"KNO3",2018
"H4M",2018-07-09,7,"opil",2,0.285714285714286,NA,"Heath",4,"Midges",2018
"L1",2018-07-09,7,"opil",5,0.714285714285714,NA,"Lupine",NA,"Lupine",2018
"L2",2018-07-09,7,"opil",3,0.428571428571429,NA,"Lupine",NA,"Lupine",2018
"L4",2018-07-09,7,"opil",0,0,NA,"Lupine",NA,"Lupine",2018
"L3",2018-07-09,7,"opil",7,1,NA,"Lupine",NA,"Lupine",2018
"B1C",2018-07-09,7,"acar",3,0.428571428571429,NA,"Border",1,"Control",2018
"B1K",2018-07-09,7,"acar",4,0.571428571428571,NA,"Border",1,"KNO3",2018
"B1M",2018-07-09,7,"acar",1,0.142857142857143,NA,"Border",1,"Midges",2018
"B2C",2018-07-09,7,"acar",1,0.142857142857143,NA,"Border",2,"Control",2018
"B2K",2018-07-09,7,"acar",1,0.142857142857143,NA,"Border",2,"KNO3",2018
"B2M",2018-07-09,7,"acar",5,0.714285714285714,NA,"Border",2,"Midges",2018
"B3C",2018-07-09,7,"acar",1,0.142857142857143,NA,"Border",3,"Control",2018
"B3M",2018-07-09,7,"acar",5,0.714285714285714,NA,"Border",3,"Midges",2018
"B4C",2018-07-09,7,"acar",3,0.428571428571429,NA,"Border",4,"Control",2018
"B3K",2018-07-09,7,"acar",0,0,"This may be B3K or B4K chose one to retain all data. remove later?","Border",3,"KNO3",2018
"B4K",2018-07-09,7,"acar",2,0.285714285714286,"This may be B3K or B4K chose one to retain all data. remove later?","Border",4,"KNO3",2018
"B4M",2018-07-09,7,"acar",13,1.85714285714286,NA,"Border",4,"Midges",2018
"H1C",2018-07-09,7,"acar",1,0.142857142857143,NA,"Heath",1,"Control",2018
"H1K",2018-07-09,7,"acar",6,0.857142857142857,NA,"Heath",1,"KNO3",2018
"H1M",2018-07-09,7,"acar",6,0.857142857142857,NA,"Heath",1,"Midges",2018
"H2C",2018-07-09,7,"acar",4,0.571428571428571,NA,"Heath",2,"Control",2018
"H2K",2018-07-09,7,"acar",3,0.428571428571429,NA,"Heath",2,"KNO3",2018
"H2M",2018-07-09,7,"acar",5,0.714285714285714,NA,"Heath",2,"Midges",2018
"H3C",2018-07-09,7,"acar",2,0.285714285714286,NA,"Heath",3,"Control",2018
"H3K",2018-07-09,7,"acar",2,0.285714285714286,NA,"Heath",3,"KNO3",2018
"H3M",2018-07-09,7,"acar",7,1,NA,"Heath",3,"Midges",2018
"H4C",2018-07-09,7,"acar",6,0.857142857142857,NA,"Heath",4,"Control",2018
"H4K",2018-07-09,7,"acar",6,0.857142857142857,NA,"Heath",4,"KNO3",2018
"H4M",2018-07-09,7,"acar",5,0.714285714285714,NA,"Heath",4,"Midges",2018
"L1",2018-07-09,7,"acar",2,0.285714285714286,NA,"Lupine",NA,"Lupine",2018
"L2",2018-07-09,7,"acar",0,0,NA,"Lupine",NA,"Lupine",2018
"L4",2018-07-09,7,"acar",1,0.142857142857143,NA,"Lupine",NA,"Lupine",2018
"L3",2018-07-09,7,"acar",5,0.714285714285714,NA,"Lupine",NA,"Lupine",2018
"B1C",2018-07-09,7,"cryp",0,0,NA,"Border",1,"Control",2018
"B1K",2018-07-09,7,"cryp",0,0,NA,"Border",1,"KNO3",2018
"B1M",2018-07-09,7,"cryp",0,0,NA,"Border",1,"Midges",2018
"B2C",2018-07-09,7,"cryp",0,0,NA,"Border",2,"Control",2018
"B2K",2018-07-09,7,"cryp",0,0,NA,"Border",2,"KNO3",2018
"B2M",2018-07-09,7,"cryp",0,0,NA,"Border",2,"Midges",2018
"B3C",2018-07-09,7,"cryp",0,0,NA,"Border",3,"Control",2018
"B3M",2018-07-09,7,"cryp",3,0.428571428571429,NA,"Border",3,"Midges",2018
"B4C",2018-07-09,7,"cryp",0,0,NA,"Border",4,"Control",2018
"B3K",2018-07-09,7,"cryp",0,0,"This may be B3K or B4K chose one to retain all data. remove later?","Border",3,"KNO3",2018
"B4K",2018-07-09,7,"cryp",0,0,"This may be B3K or B4K chose one to retain all data. remove later?","Border",4,"KNO3",2018
"B4M",2018-07-09,7,"cryp",0,0,NA,"Border",4,"Midges",2018
"H1C",2018-07-09,7,"cryp",0,0,NA,"Heath",1,"Control",2018
"H1K",2018-07-09,7,"cryp",0,0,NA,"Heath",1,"KNO3",2018
"H1M",2018-07-09,7,"cryp",0,0,NA,"Heath",1,"Midges",2018
"H2C",2018-07-09,7,"cryp",0,0,NA,"Heath",2,"Control",2018
"H2K",2018-07-09,7,"cryp",1,0.142857142857143,NA,"Heath",2,"KNO3",2018
"H2M",2018-07-09,7,"cryp",0,0,NA,"Heath",2,"Midges",2018
"H3C",2018-07-09,7,"cryp",0,0,NA,"Heath",3,"Control",2018
"H3K",2018-07-09,7,"cryp",0,0,NA,"Heath",3,"KNO3",2018
"H3M",2018-07-09,7,"cryp",0,0,NA,"Heath",3,"Midges",2018
"H4C",2018-07-09,7,"cryp",0,0,NA,"Heath",4,"Control",2018
"H4K",2018-07-09,7,"cryp",0,0,NA,"Heath",4,"KNO3",2018
"H4M",2018-07-09,7,"cryp",0,0,NA,"Heath",4,"Midges",2018
"L1",2018-07-09,7,"cryp",0,0,NA,"Lupine",NA,"Lupine",2018
"L2",2018-07-09,7,"cryp",0,0,NA,"Lupine",NA,"Lupine",2018
"L4",2018-07-09,7,"cryp",0,0,NA,"Lupine",NA,"Lupine",2018
"L3",2018-07-09,7,"cryp",2,0.285714285714286,NA,"Lupine",NA,"Lupine",2018
"B1C",2018-07-09,7,"stap",2,0.285714285714286,NA,"Border",1,"Control",2018
"B1K",2018-07-09,7,"stap",5,0.714285714285714,NA,"Border",1,"KNO3",2018
"B1M",2018-07-09,7,"stap",3,0.428571428571429,NA,"Border",1,"Midges",2018
"B2C",2018-07-09,7,"stap",0,0,NA,"Border",2,"Control",2018
"B2K",2018-07-09,7,"stap",0,0,NA,"Border",2,"KNO3",2018
"B2M",2018-07-09,7,"stap",2,0.285714285714286,NA,"Border",2,"Midges",2018
"B3C",2018-07-09,7,"stap",12,1.71428571428571,NA,"Border",3,"Control",2018
"B3M",2018-07-09,7,"stap",30,4.28571428571429,NA,"Border",3,"Midges",2018
"B4C",2018-07-09,7,"stap",7,1,NA,"Border",4,"Control",2018
"B3K",2018-07-09,7,"stap",6,0.857142857142857,"This may be B3K or B4K chose one to retain all data. remove later?","Border",3,"KNO3",2018
"B4K",2018-07-09,7,"stap",24,3.42857142857143,"This may be B3K or B4K chose one to retain all data. remove later?","Border",4,"KNO3",2018
"B4M",2018-07-09,7,"stap",14,2,NA,"Border",4,"Midges",2018
"H1C",2018-07-09,7,"stap",0,0,NA,"Heath",1,"Control",2018
"H1K",2018-07-09,7,"stap",9,1.28571428571429,NA,"Heath",1,"KNO3",2018
"H1M",2018-07-09,7,"stap",3,0.428571428571429,NA,"Heath",1,"Midges",2018
"H2C",2018-07-09,7,"stap",0,0,NA,"Heath",2,"Control",2018
"H2K",2018-07-09,7,"stap",6,0.857142857142857,NA,"Heath",2,"KNO3",2018
"H2M",2018-07-09,7,"stap",4,0.571428571428571,NA,"Heath",2,"Midges",2018
"H3C",2018-07-09,7,"stap",1,0.142857142857143,NA,"Heath",3,"Control",2018
"H3K",2018-07-09,7,"stap",0,0,NA,"Heath",3,"KNO3",2018
"H3M",2018-07-09,7,"stap",7,1,NA,"Heath",3,"Midges",2018
"H4C",2018-07-09,7,"stap",0,0,NA,"Heath",4,"Control",2018
"H4K",2018-07-09,7,"stap",4,0.571428571428571,NA,"Heath",4,"KNO3",2018
"H4M",2018-07-09,7,"stap",1,0.142857142857143,NA,"Heath",4,"Midges",2018
"L1",2018-07-09,7,"stap",11,1.57142857142857,NA,"Lupine",NA,"Lupine",2018
"L2",2018-07-09,7,"stap",11,1.57142857142857,NA,"Lupine",NA,"Lupine",2018
"L4",2018-07-09,7,"stap",0,0,NA,"Lupine",NA,"Lupine",2018
"L3",2018-07-09,7,"stap",12,1.71428571428571,NA,"Lupine",NA,"Lupine",2018
"B1C",2018-07-09,7,"cara",0,0,NA,"Border",1,"Control",2018
"B1K",2018-07-09,7,"cara",4,0.571428571428571,NA,"Border",1,"KNO3",2018
"B1M",2018-07-09,7,"cara",3,0.428571428571429,NA,"Border",1,"Midges",2018
"B2C",2018-07-09,7,"cara",5,0.714285714285714,NA,"Border",2,"Control",2018
"B2K",2018-07-09,7,"cara",3,0.428571428571429,NA,"Border",2,"KNO3",2018
"B2M",2018-07-09,7,"cara",2,0.285714285714286,NA,"Border",2,"Midges",2018
"B3C",2018-07-09,7,"cara",15,2.14285714285714,NA,"Border",3,"Control",2018
"B3M",2018-07-09,7,"cara",19,2.71428571428571,NA,"Border",3,"Midges",2018
"B4C",2018-07-09,7,"cara",3,0.428571428571429,NA,"Border",4,"Control",2018
"B3K",2018-07-09,7,"cara",0,0,"This may be B3K or B4K chose one to retain all data. remove later?","Border",3,"KNO3",2018
"B4K",2018-07-09,7,"cara",0,0,"This may be B3K or B4K chose one to retain all data. remove later?","Border",4,"KNO3",2018
"B4M",2018-07-09,7,"cara",3,0.428571428571429,NA,"Border",4,"Midges",2018
"H1C",2018-07-09,7,"cara",0,0,NA,"Heath",1,"Control",2018
"H1K",2018-07-09,7,"cara",2,0.285714285714286,NA,"Heath",1,"KNO3",2018
"H1M",2018-07-09,7,"cara",10,1.42857142857143,NA,"Heath",1,"Midges",2018
"H2C",2018-07-09,7,"cara",1,0.142857142857143,NA,"Heath",2,"Control",2018
"H2K",2018-07-09,7,"cara",0,0,NA,"Heath",2,"KNO3",2018
"H2M",2018-07-09,7,"cara",0,0,NA,"Heath",2,"Midges",2018
"H3C",2018-07-09,7,"cara",0,0,NA,"Heath",3,"Control",2018
"H3K",2018-07-09,7,"cara",0,0,NA,"Heath",3,"KNO3",2018
"H3M",2018-07-09,7,"cara",0,0,NA,"Heath",3,"Midges",2018
"H4C",2018-07-09,7,"cara",0,0,NA,"Heath",4,"Control",2018
"H4K",2018-07-09,7,"cara",1,0.142857142857143,NA,"Heath",4,"KNO3",2018
"H4M",2018-07-09,7,"cara",1,0.142857142857143,NA,"Heath",4,"Midges",2018
"L1",2018-07-09,7,"cara",3,0.428571428571429,NA,"Lupine",NA,"Lupine",2018
"L2",2018-07-09,7,"cara",10,1.42857142857143,NA,"Lupine",NA,"Lupine",2018
"L4",2018-07-09,7,"cara",0,0,NA,"Lupine",NA,"Lupine",2018
"L3",2018-07-09,7,"cara",3,0.428571428571429,NA,"Lupine",NA,"Lupine",2018
"B1C",2018-07-09,7,"curc",0,0,NA,"Border",1,"Control",2018
"B1K",2018-07-09,7,"curc",0,0,NA,"Border",1,"KNO3",2018
"B1M",2018-07-09,7,"curc",0,0,NA,"Border",1,"Midges",2018
"B2C",2018-07-09,7,"curc",0,0,NA,"Border",2,"Control",2018
"B2K",2018-07-09,7,"curc",0,0,NA,"Border",2,"KNO3",2018
"B2M",2018-07-09,7,"curc",0,0,NA,"Border",2,"Midges",2018
"B3C",2018-07-09,7,"curc",0,0,NA,"Border",3,"Control",2018
"B3M",2018-07-09,7,"curc",0,0,NA,"Border",3,"Midges",2018
"B4C",2018-07-09,7,"curc",0,0,NA,"Border",4,"Control",2018
"B3K",2018-07-09,7,"curc",0,0,"This may be B3K or B4K chose one to retain all data. remove later?","Border",3,"KNO3",2018
"B4K",2018-07-09,7,"curc",1,0.142857142857143,"This may be B3K or B4K chose one to retain all data. remove later?","Border",4,"KNO3",2018
"B4M",2018-07-09,7,"curc",0,0,NA,"Border",4,"Midges",2018
"H1C",2018-07-09,7,"curc",0,0,NA,"Heath",1,"Control",2018
"H1K",2018-07-09,7,"curc",0,0,NA,"Heath",1,"KNO3",2018
"H1M",2018-07-09,7,"curc",0,0,NA,"Heath",1,"Midges",2018
"H2C",2018-07-09,7,"curc",0,0,NA,"Heath",2,"Control",2018
"H2K",2018-07-09,7,"curc",0,0,NA,"Heath",2,"KNO3",2018
"H2M",2018-07-09,7,"curc",0,0,NA,"Heath",2,"Midges",2018
"H3C",2018-07-09,7,"curc",0,0,NA,"Heath",3,"Control",2018
"H3K",2018-07-09,7,"curc",0,0,NA,"Heath",3,"KNO3",2018
"H3M",2018-07-09,7,"curc",0,0,NA,"Heath",3,"Midges",2018
"H4C",2018-07-09,7,"curc",0,0,NA,"Heath",4,"Control",2018
"H4K",2018-07-09,7,"curc",0,0,NA,"Heath",4,"KNO3",2018
"H4M",2018-07-09,7,"curc",0,0,NA,"Heath",4,"Midges",2018
"L1",2018-07-09,7,"curc",0,0,NA,"Lupine",NA,"Lupine",2018
"L2",2018-07-09,7,"curc",0,0,NA,"Lupine",NA,"Lupine",2018
"L4",2018-07-09,7,"curc",0,0,NA,"Lupine",NA,"Lupine",2018
"L3",2018-07-09,7,"curc",0,0,NA,"Lupine",NA,"Lupine",2018
"B1C",2018-07-09,7,"colj",0,0,NA,"Border",1,"Control",2018
"B1K",2018-07-09,7,"colj",0,0,NA,"Border",1,"KNO3",2018
"B1M",2018-07-09,7,"colj",0,0,NA,"Border",1,"Midges",2018
"B2C",2018-07-09,7,"colj",0,0,NA,"Border",2,"Control",2018
"B2K",2018-07-09,7,"colj",0,0,NA,"Border",2,"KNO3",2018
"B2M",2018-07-09,7,"colj",0,0,NA,"Border",2,"Midges",2018
"B3C",2018-07-09,7,"colj",0,0,NA,"Border",3,"Control",2018
"B3M",2018-07-09,7,"colj",0,0,NA,"Border",3,"Midges",2018
"B4C",2018-07-09,7,"colj",0,0,NA,"Border",4,"Control",2018
"B3K",2018-07-09,7,"colj",0,0,"This may be B3K or B4K chose one to retain all data. remove later?","Border",3,"KNO3",2018
"B4K",2018-07-09,7,"colj",1,0.142857142857143,"This may be B3K or B4K chose one to retain all data. remove later?","Border",4,"KNO3",2018
"B4M",2018-07-09,7,"colj",0,0,NA,"Border",4,"Midges",2018
"H1C",2018-07-09,7,"colj",0,0,NA,"Heath",1,"Control",2018
"H1K",2018-07-09,7,"colj",0,0,NA,"Heath",1,"KNO3",2018
"H1M",2018-07-09,7,"colj",0,0,NA,"Heath",1,"Midges",2018
"H2C",2018-07-09,7,"colj",0,0,NA,"Heath",2,"Control",2018
"H2K",2018-07-09,7,"colj",0,0,NA,"Heath",2,"KNO3",2018
"H2M",2018-07-09,7,"colj",0,0,NA,"Heath",2,"Midges",2018
"H3C",2018-07-09,7,"colj",0,0,NA,"Heath",3,"Control",2018
"H3K",2018-07-09,7,"colj",0,0,NA,"Heath",3,"KNO3",2018
"H3M",2018-07-09,7,"colj",0,0,NA,"Heath",3,"Midges",2018
"H4C",2018-07-09,7,"colj",0,0,NA,"Heath",4,"Control",2018
"H4K",2018-07-09,7,"colj",0,0,NA,"Heath",4,"KNO3",2018
"H4M",2018-07-09,7,"colj",0,0,NA,"Heath",4,"Midges",2018
"L1",2018-07-09,7,"colj",0,0,NA,"Lupine",NA,"Lupine",2018
"L2",2018-07-09,7,"colj",0,0,NA,"Lupine",NA,"Lupine",2018
"L4",2018-07-09,7,"colj",0,0,NA,"Lupine",NA,"Lupine",2018
"L3",2018-07-09,7,"colj",0,0,NA,"Lupine",NA,"Lupine",2018
"B1C",2018-07-09,7,"cole",0,0,NA,"Border",1,"Control",2018
"B1K",2018-07-09,7,"cole",0,0,NA,"Border",1,"KNO3",2018
"B1M",2018-07-09,7,"cole",0,0,NA,"Border",1,"Midges",2018
"B2C",2018-07-09,7,"cole",0,0,NA,"Border",2,"Control",2018
"B2K",2018-07-09,7,"cole",0,0,NA,"Border",2,"KNO3",2018
"B2M",2018-07-09,7,"cole",0,0,NA,"Border",2,"Midges",2018
"B3C",2018-07-09,7,"cole",0,0,NA,"Border",3,"Control",2018
"B3M",2018-07-09,7,"cole",0,0,NA,"Border",3,"Midges",2018
"B4C",2018-07-09,7,"cole",0,0,NA,"Border",4,"Control",2018
"B3K",2018-07-09,7,"cole",0,0,"This may be B3K or B4K chose one to retain all data. remove later?","Border",3,"KNO3",2018
"B4K",2018-07-09,7,"cole",0,0,"This may be B3K or B4K chose one to retain all data. remove later?","Border",4,"KNO3",2018
"B4M",2018-07-09,7,"cole",0,0,NA,"Border",4,"Midges",2018
"H1C",2018-07-09,7,"cole",0,0,NA,"Heath",1,"Control",2018
"H1K",2018-07-09,7,"cole",0,0,NA,"Heath",1,"KNO3",2018
"H1M",2018-07-09,7,"cole",0,0,NA,"Heath",1,"Midges",2018
"H2C",2018-07-09,7,"cole",0,0,NA,"Heath",2,"Control",2018
"H2K",2018-07-09,7,"cole",0,0,NA,"Heath",2,"KNO3",2018
"H2M",2018-07-09,7,"cole",0,0,NA,"Heath",2,"Midges",2018
"H3C",2018-07-09,7,"cole",0,0,NA,"Heath",3,"Control",2018
"H3K",2018-07-09,7,"cole",0,0,NA,"Heath",3,"KNO3",2018
"H3M",2018-07-09,7,"cole",0,0,NA,"Heath",3,"Midges",2018
"H4C",2018-07-09,7,"cole",0,0,NA,"Heath",4,"Control",2018
"H4K",2018-07-09,7,"cole",0,0,NA,"Heath",4,"KNO3",2018
"H4M",2018-07-09,7,"cole",0,0,NA,"Heath",4,"Midges",2018
"L1",2018-07-09,7,"cole",0,0,NA,"Lupine",NA,"Lupine",2018
"L2",2018-07-09,7,"cole",0,0,NA,"Lupine",NA,"Lupine",2018
"L4",2018-07-09,7,"cole",0,0,NA,"Lupine",NA,"Lupine",2018
"L3",2018-07-09,7,"cole",0,0,NA,"Lupine",NA,"Lupine",2018
"B1C",2018-07-09,7,"clmb",30,4.28571428571429,NA,"Border",1,"Control",2018
"B1K",2018-07-09,7,"clmb",32,4.57142857142857,NA,"Border",1,"KNO3",2018
"B1M",2018-07-09,7,"clmb",2,0.285714285714286,NA,"Border",1,"Midges",2018
"B2C",2018-07-09,7,"clmb",65,9.28571428571429,NA,"Border",2,"Control",2018
"B2K",2018-07-09,7,"clmb",8,1.14285714285714,NA,"Border",2,"KNO3",2018
"B2M",2018-07-09,7,"clmb",6,0.857142857142857,NA,"Border",2,"Midges",2018
"B3C",2018-07-09,7,"clmb",8,1.14285714285714,NA,"Border",3,"Control",2018
"B3M",2018-07-09,7,"clmb",83,11.8571428571429,NA,"Border",3,"Midges",2018
"B4C",2018-07-09,7,"clmb",8,1.14285714285714,NA,"Border",4,"Control",2018
"B3K",2018-07-09,7,"clmb",31,4.42857142857143,"This may be B3K or B4K chose one to retain all data. remove later?","Border",3,"KNO3",2018
"B4K",2018-07-09,7,"clmb",47,6.71428571428571,"This may be B3K or B4K chose one to retain all data. remove later?","Border",4,"KNO3",2018
"B4M",2018-07-09,7,"clmb",45,6.42857142857143,NA,"Border",4,"Midges",2018
"H1C",2018-07-09,7,"clmb",11,1.57142857142857,NA,"Heath",1,"Control",2018
"H1K",2018-07-09,7,"clmb",72,10.2857142857143,NA,"Heath",1,"KNO3",2018
"H1M",2018-07-09,7,"clmb",24,3.42857142857143,NA,"Heath",1,"Midges",2018
"H2C",2018-07-09,7,"clmb",12,1.71428571428571,NA,"Heath",2,"Control",2018
"H2K",2018-07-09,7,"clmb",16,2.28571428571429,NA,"Heath",2,"KNO3",2018
"H2M",2018-07-09,7,"clmb",6,0.857142857142857,NA,"Heath",2,"Midges",2018
"H3C",2018-07-09,7,"clmb",50,7.14285714285714,NA,"Heath",3,"Control",2018
"H3K",2018-07-09,7,"clmb",43,6.14285714285714,NA,"Heath",3,"KNO3",2018
"H3M",2018-07-09,7,"clmb",34,4.85714285714286,NA,"Heath",3,"Midges",2018
"H4C",2018-07-09,7,"clmb",23,3.28571428571429,NA,"Heath",4,"Control",2018
"H4K",2018-07-09,7,"clmb",64,9.14285714285714,NA,"Heath",4,"KNO3",2018
"H4M",2018-07-09,7,"clmb",132,18.8571428571429,NA,"Heath",4,"Midges",2018
"L1",2018-07-09,7,"clmb",39,5.57142857142857,NA,"Lupine",NA,"Lupine",2018
"L2",2018-07-09,7,"clmb",14,2,NA,"Lupine",NA,"Lupine",2018
"L4",2018-07-09,7,"clmb",7,1,NA,"Lupine",NA,"Lupine",2018
"L3",2018-07-09,7,"clmb",42,6,NA,"Lupine",NA,"Lupine",2018
"B1C",2018-07-09,7,"trom",0,0,NA,"Border",1,"Control",2018
"B1K",2018-07-09,7,"trom",0,0,NA,"Border",1,"KNO3",2018
"B1M",2018-07-09,7,"trom",0,0,NA,"Border",1,"Midges",2018
"B2C",2018-07-09,7,"trom",0,0,NA,"Border",2,"Control",2018
"B2K",2018-07-09,7,"trom",0,0,NA,"Border",2,"KNO3",2018
"B2M",2018-07-09,7,"trom",0,0,NA,"Border",2,"Midges",2018
"B3C",2018-07-09,7,"trom",0,0,NA,"Border",3,"Control",2018
"B3M",2018-07-09,7,"trom",0,0,NA,"Border",3,"Midges",2018
"B4C",2018-07-09,7,"trom",1,0.142857142857143,NA,"Border",4,"Control",2018
"B3K",2018-07-09,7,"trom",1,0.142857142857143,"This may be B3K or B4K chose one to retain all data. remove later?","Border",3,"KNO3",2018
"B4K",2018-07-09,7,"trom",1,0.142857142857143,"This may be B3K or B4K chose one to retain all data. remove later?","Border",4,"KNO3",2018
"B4M",2018-07-09,7,"trom",2,0.285714285714286,NA,"Border",4,"Midges",2018
"H1C",2018-07-09,7,"trom",2,0.285714285714286,NA,"Heath",1,"Control",2018
"H1K",2018-07-09,7,"trom",1,0.142857142857143,NA,"Heath",1,"KNO3",2018
"H1M",2018-07-09,7,"trom",0,0,NA,"Heath",1,"Midges",2018
"H2C",2018-07-09,7,"trom",1,0.142857142857143,NA,"Heath",2,"Control",2018
"H2K",2018-07-09,7,"trom",0,0,NA,"Heath",2,"KNO3",2018
"H2M",2018-07-09,7,"trom",0,0,NA,"Heath",2,"Midges",2018
"H3C",2018-07-09,7,"trom",3,0.428571428571429,NA,"Heath",3,"Control",2018
"H3K",2018-07-09,7,"trom",1,0.142857142857143,NA,"Heath",3,"KNO3",2018
"H3M",2018-07-09,7,"trom",0,0,NA,"Heath",3,"Midges",2018
"H4C",2018-07-09,7,"trom",1,0.142857142857143,NA,"Heath",4,"Control",2018
"H4K",2018-07-09,7,"trom",0,0,NA,"Heath",4,"KNO3",2018
"H4M",2018-07-09,7,"trom",0,0,NA,"Heath",4,"Midges",2018
"L1",2018-07-09,7,"trom",2,0.285714285714286,NA,"Lupine",NA,"Lupine",2018
"L2",2018-07-09,7,"trom",0,0,NA,"Lupine",NA,"Lupine",2018
"L4",2018-07-09,7,"trom",0,0,NA,"Lupine",NA,"Lupine",2018
"L3",2018-07-09,7,"trom",0,0,NA,"Lupine",NA,"Lupine",2018
